Date,City,Temperature_C,Humidity_%,Rainfall_mm,WindSpeed_kmh
30/12/2024,Karachi,32.7,73.3,0.0,0.8
2024-05-08,Karachi,38.8,64.3,0.0,12.8
2024-12-26,Lahore,20.5,76.0,0.0,15.8
2024-11-29,Multan,22.5,56.4,0.0,16.6
2024-07-31,Islamabad,14.4,73.6,0.4,15.0
14/04/2024,Multan,38.4,61.9,0.0,19.8
14/11/2024,Peshawar,15.2,64.8,0.0,24.9
2024-04-10,Islamabad,31.1,58.5,0.0,5.0
2024-01-03,Islamabad,21.6,,0.0,17.3
2024-01-12,Karachi,30.5,94.1,0.0,11.1
2024-07-11,Karachi,29.0,58.9,0.0,17.7
02/12/2024,Multan,,45.4,0.0,12.5
2024-01-17,Lahore,27.8,32.5,0.0,15.5
13/10/2024,Peshawar,16.1,67.0,0.0,9.2
2024-10-03,Multan,19.5,50.4,0.0,12.3
21/03/2024,Karachi,38.5,50.9,0.0,9.4
13/08/2024,Lahore,22.1,,0.0,18.9
2024-03-01,Islamabad,33.7,67.4,0.0,15.1
2024-01-14,Multan,30.1,76.5,0.0,13.4
02/10/2024,Lahore,12.2,57.8,0.0,14.7
15/04/2024,Lahore,35.2,53.8,0.0,15.7
19/05/2024,Islamabad,28.0,95.6,0.0,7.3
2024-12-09,Karachi,23.7,49.4,0.0,5.6
27/04/2024,Islamabad,31.6,48.2,0.0,11.2
2024-08-22,Multan,21.1,71.3,0.0,13.2
2024-09-09,Karachi,19.2,67.4,0.0,17.4
2024-11-24,Islamabad,16.4,58.1,0.0,10.9
23/08/2024,Multan,23.4,57.4,0.0,17.1
04/12/2024,Lahore,22.4,59.5,0.0,0.8
25/08/2024,Lahore,,33.7,0.0,15.4
15/02/2024,Multan,32.1,66.9,0.0,13.6
11/05/2024,Lahore,33.3,60.9,0.0,9.8
15/11/2024,Multan,18.5,60.6,0.0,13.8
28/03/2024,Peshawar,32.7,36.0,0.0,8.4
2024-09-20,Karachi,21.5,45.8,0.0,16.3
15/07/2024,Multan,25.2,51.5,0.0,23.4
2024-03-03,Peshawar,30.6,65.7,0.0,14.5
23/12/2024,Peshawar,22.3,51.0,0.0,9.1
21/10/2024,Peshawar,11.5,64.7,0.0,18.6
2024-10-16,Karachi,16.1,47.8,0.0,10.3
2024-05-16,Karachi,33.3,66.1,0.0,4.0
01/02/2024,Multan,33.4,38.1,0.0,-9.8
2024-10-04,Peshawar,12.3,27.0,0.0,14.0
02/12/2024,Karachi,24.1,75.8,0.0,7.8
2024-02-09,Karachi,31.4,60.6,0.0,7.5
2024-04-15,Karachi,38.2,20.3,0.0,9.6
2024-02-26,Karachi,34.8,49.0,0.1,7.8
2024-09-23,Karachi,16.0,37.6,0.0,19.5
2024-07-04,Karachi,29.2,56.5,0.0,11.1
21/06/2024,Peshawar,22.5,42.9,0.0,20.1
07/06/2024,Karachi,33.1,59.3,0.0,16.1
11/08/2024,Karachi,24.7,55.2,0.6,11.4
18/05/2024,Islamabad,27.0,30.4,0.0,19.2
2024-11-04,Islamabad,13.4,38.0,0.0,8.9
04/03/2024,Multan,36.8,45.6,1.2,13.7
2024-04-11,Peshawar,33.5,85.1,0.0,5.4
2024-05-18,Lahore,31.3,74.1,5.3,12.2
04/10/2024,Karachi,15.6,43.4,0.0,13.8
30/05/2024,Peshawar,29.7,52.1,0.0,17.0
08/09/2024,Karachi,17.8,77.2,0.0,9.6
02/09/2024,Karachi,19.0,,0.0,10.7
15/03/2024,Lahore,32.3,50.4,0.0,8.5
27/04/2024,Karachi,,,0.0,14.3
22/09/2024,Lahore,13.7,60.6,0.0,14.8
08/07/2024,Multan,26.5,30.0,0.0,5.5
2024-06-21,Multan,31.2,62.1,0.0,3.0
30/09/2024,Karachi,18.5,46.5,0.0,17.6
2024-01-31,Karachi,31.1,56.7,0.0,8.2
2024-07-24,Islamabad,21.2,66.2,0.0,11.3
07/01/2024,Islamabad,,77.9,0.0,14.4
2024-10-18,Lahore,13.0,68.2,0.0,17.2
2024-11-28,Lahore,20.0,37.2,0.0,20.0
2024-06-29,Peshawar,24.8,53.7,3.9,10.7
2024-01-28,Multan,,55.0,0.0,16.2
19/08/2024,Islamabad,16.1,55.9,0.0,14.1
2024-06-02,Peshawar,30.5,59.9,0.0,21.1
18/06/2024,Peshawar,26.9,34.4,0.7,11.2
22/08/2024,Islamabad,15.9,45.7,0.0,9.0
13/02/2024,Karachi,34.0,76.7,0.0,20.6
2024-05-25,Islamabad,26.5,48.2,0.0,16.7
10/06/2024,Multan,31.4,50.4,0.0,9.9
07/05/2024,Peshawar,31.1,59.1,0.0,12.6
2024-09-22,Islamabad,11.9,67.3,0.0,3.8
2024-12-16,Multan,23.8,23.4,0.0,16.1
2024-02-12,Multan,34.5,41.6,0.0,7.3
2024-11-25,Multan,21.3,61.5,0.0,21.4
2024-08-22,Karachi,22.1,74.0,0.0,15.4
05/08/2024,Lahore,18.8,58.9,0.0,20.1
2024-11-09,Peshawar,14.8,55.6,0.0,18.4
25/12/2024,Islamabad,17.9,72.6,0.0,11.5
17/03/2024,Lahore,32.8,42.4,0.0,9.1
02/11/2024,Multan,21.5,65.0,0.0,13.5
28/02/2024,Karachi,34.8,30.0,0.0,17.8
2024-07-30,Multan,21.4,75.6,0.0,12.9
27/10/2024,Multan,19.1,44.1,0.0,7.5
18/05/2024,Multan,34.0,81.2,0.0,9.4
21/07/2024,Karachi,23.6,57.9,0.0,15.6
26/10/2024,Multan,19.4,42.5,0.0,-15.6
18/11/2024,Lahore,18.6,54.2,0.0,12.2
2024-08-15,Islamabad,15.6,60.0,3.3,12.7
08/05/2024,Multan,31.5,38.4,0.4,8.9
2024-04-13,Peshawar,30.6,40.3,0.0,8.1
10/04/2024,Lahore,37.4,27.4,0.0,
19/02/2024,Multan,33.3,40.6,0.0,21.0
26/05/2024,Multan,35.0,62.9,0.0,13.7
23/10/2024,Karachi,19.5,55.3,0.0,8.5
10/10/2024,Lahore,13.1,34.8,0.0,13.9
2024-11-16,Multan,19.6,65.5,0.0,13.9
06/05/2024,Islamabad,27.6,32.9,0.0,11.1
2024-12-10,Peshawar,17.5,53.1,0.0,10.0
29/01/2024,Karachi,34.5,63.2,0.0,10.9
2024-10-23,Multan,16.5,37.0,0.0,13.8
20/03/2024,Islamabad,32.3,,0.0,4.3
22/10/2024,Multan,16.0,,0.0,20.9
25/09/2024,Karachi,19.4,44.0,0.0,10.4
10/06/2024,Lahore,22.7,49.3,0.0,14.5
2024-03-06,Karachi,41.4,52.1,1.9,5.3
2024-07-11,Multan,28.5,54.4,0.0,8.0
2024-09-19,Peshawar,10.6,64.6,0.0,4.8
19/04/2024,Islamabad,30.0,79.5,1.8,14.9
2024-07-04,Multan,26.1,82.8,0.0,7.5
2024-12-20,Peshawar,23.5,57.0,1.6,16.1
21/04/2024,Islamabad,31.1,53.7,0.0,7.7
11/06/2024,Lahore,29.5,65.8,0.0,10.3
28/06/2024,Islamabad,23.5,,0.0,13.7
19/06/2024,Islamabad,21.7,36.0,0.0,9.9
2024-12-27,Multan,24.6,59.9,0.0,8.4
2024-05-31,Lahore,29.9,56.0,0.0,11.0
08/04/2024,Multan,38.6,27.6,1.8,9.2
2024-02-10,Islamabad,29.9,54.2,0.0,-17.5
21/03/2024,Lahore,36.0,96.4,0.0,14.3
03/04/2024,Karachi,37.4,46.8,0.0,6.3
17/02/2024,Karachi,35.1,58.1,0.0,8.9
2024-12-09,Peshawar,22.2,,0.0,3.0
18/09/2024,Lahore,13.8,73.5,0.0,14.6
13/09/2024,Lahore,17.8,40.4,0.0,4.7
2024-10-25,Lahore,16.9,59.1,0.0,9.4
2024-02-04,Karachi,34.5,68.1,0.0,5.0
02/10/2024,Karachi,19.2,61.0,0.0,6.3
03/04/2024,Multan,37.3,59.0,0.0,9.3
08/03/2024,Karachi,37.5,38.1,0.0,24.7
10/03/2024,Lahore,34.5,50.3,0.0,7.8
2024-02-14,Karachi,37.7,82.3,0.0,13.8
2024-03-05,Multan,37.5,33.2,0.0,-10.1
2024-05-02,Peshawar,31.6,66.1,0.0,13.0
26/08/2024,Peshawar,16.6,50.6,0.0,10.5
2024-09-11,Peshawar,15.9,43.0,0.0,12.4
06/03/2024,Lahore,32.8,68.2,0.0,12.1
2024-07-07,Peshawar,22.3,60.1,0.0,6.1
2024-08-17,Peshawar,14.8,69.7,0.0,12.5
2024-01-27,Islamabad,29.1,35.7,0.0,14.0
21/09/2024,Islamabad,12.4,40.8,0.0,9.7
2024-05-03,Peshawar,34.0,36.9,0.0,8.1
2024-12-30,Peshawar,23.1,50.4,0.0,9.1
17/03/2024,Islamabad,,51.6,4.0,9.0
27/02/2024,Peshawar,34.8,64.3,0.0,19.1
2024-01-30,Karachi,33.1,34.8,0.3,1.1
2024-02-12,Multan,34.5,41.6,0.0,7.3
20/09/2024,Islamabad,13.7,69.5,0.0,4.1
2024-05-23,Multan,34.0,68.9,3.4,12.6
2024-09-27,Lahore,15.6,46.9,0.0,12.7
2024-02-02,Lahore,30.3,54.6,0.0,22.1
20/08/2024,Multan,20.8,60.5,0.0,11.7
2024-11-01,Peshawar,13.2,72.2,0.0,16.4
2024-05-24,Lahore,30.1,69.1,0.0,-22.0
2024-12-09,Multan,21.6,41.7,0.8,15.0
2024-05-25,Karachi,32.3,32.7,0.0,11.7
20/03/2024,Peshawar,35.6,,0.0,14.3
05/06/2024,Lahore,28.4,52.1,0.0,20.1
07/04/2024,Multan,39.9,60.4,4.1,8.5
2024-06-08,Peshawar,28.8,53.6,0.0,23.7
16/04/2024,Karachi,35.7,55.1,0.0,18.6
11/01/2024,Lahore,28.7,52.6,0.0,13.6
2024-11-16,Islamabad,15.6,59.0,0.0,12.3
21/08/2024,Karachi,22.9,39.2,0.0,13.9
2024-12-27,Lahore,30.4,51.3,0.6,19.7
10/10/2024,Islamabad,12.6,62.0,0.0,1.8
2024-07-23,Lahore,24.5,90.1,0.0,19.1
2024-12-29,Peshawar,23.8,53.4,0.0,16.2
10/05/2024,Lahore,32.2,63.2,0.0,11.5
10/01/2024,Peshawar,23.5,,0.0,3.2
2024-01-12,Peshawar,22.6,69.9,0.0,11.4
15/11/2024,Islamabad,10.2,37.7,0.0,6.9
04/10/2024,Islamabad,10.4,51.4,0.0,11.9
2024-02-22,Karachi,36.2,52.1,1.4,13.5
26/06/2024,Peshawar,19.4,39.2,0.0,15.5
18/06/2024,Multan,27.3,91.5,0.0,9.0
2024-04-25,Lahore,32.6,46.9,0.0,12.0
14/07/2024,Karachi,,32.6,0.0,12.9
14/05/2024,Lahore,28.4,65.7,0.0,11.7
2024-07-17,Peshawar,16.2,49.9,0.0,10.1
2024-05-12,Multan,37.1,73.1,0.0,11.5
2024-04-01,Multan,,64.0,0.0,7.5
2024-08-07,Lahore,11.7,34.1,0.0,8.9
17/07/2024,Multan,,76.5,1.8,12.6
24/03/2024,Islamabad,31.1,51.6,0.0,9.5
2024-07-31,Peshawar,18.5,65.5,0.0,12.7
17/07/2024,Lahore,22.2,61.3,0.0,9.8
2024-06-02,Lahore,29.2,65.0,0.0,11.0
2024-10-13,Lahore,15.2,49.2,0.0,9.7
2024-08-28,Peshawar,15.2,47.1,0.0,-0.7
11/01/2024,Multan,30.5,29.9,0.0,13.9
04/04/2024,Karachi,36.5,64.5,0.0,7.6
06/03/2024,Multan,35.8,41.2,1.6,9.3
2024-11-27,Islamabad,15.8,59.8,1.0,18.8
2024-02-16,Lahore,31.1,65.3,0.0,17.1
04/03/2024,Islamabad,33.0,72.8,0.0,6.0
14/05/2024,Islamabad,28.8,28.5,0.9,25.1
17/03/2024,Karachi,34.9,75.8,0.0,7.6
2024-02-25,Peshawar,31.6,80.9,0.0,10.5
2024-04-07,Karachi,35.7,73.2,0.0,6.3
30/03/2024,Lahore,36.2,62.3,5.2,13.3
28/09/2024,Islamabad,13.9,32.3,0.0,11.1
2024-12-06,Islamabad,14.7,68.9,0.2,12.6
2024-07-05,Multan,26.0,72.9,0.0,20.0
2024-07-08,Islamabad,19.6,61.4,3.1,19.7
2024-09-18,Islamabad,13.3,53.7,0.0,7.4
04/09/2024,Multan,21.4,62.3,0.0,8.3
2024-10-29,Islamabad,14.3,41.9,0.0,16.3
14/11/2024,Lahore,16.2,64.7,0.0,18.7
2024-02-14,Multan,34.0,49.5,0.0,8.7
23/06/2024,Multan,32.3,34.3,0.0,13.4
11/08/2024,Multan,19.3,81.5,0.0,21.4
23/01/2024,Lahore,31.8,54.7,0.0,1.3
10/09/2024,Multan,15.3,62.7,0.0,17.0
2024-08-31,Karachi,20.7,65.4,0.0,10.7
10/12/2024,Multan,24.6,70.8,0.0,15.7
2024-03-01,Lahore,31.5,55.4,0.0,13.0
2024-10-25,Multan,19.5,38.2,0.0,16.8
30/01/2024,Multan,,46.7,0.0,8.6
2024-02-23,Multan,36.0,85.5,0.0,10.1
09/04/2024,Islamabad,30.6,45.7,0.0,7.4
17/09/2024,Peshawar,13.6,61.5,0.0,14.9
2024-10-15,Lahore,14.4,33.8,2.2,12.7
26/06/2024,Karachi,29.2,50.3,0.0,9.3
2024-05-03,Lahore,32.7,91.9,0.0,8.1
2024-08-21,Islamabad,16.3,,0.0,6.8
2024-08-03,Karachi,24.9,45.7,0.0,9.3
2024-06-28,Multan,27.1,52.9,0.0,7.5
2024-09-14,Peshawar,16.1,50.6,2.8,6.0
04/11/2024,Lahore,16.8,85.9,0.0,11.5
10/09/2024,Islamabad,,68.0,0.0,5.9
2024-11-29,Islamabad,18.3,86.9,0.0,6.0
20/10/2024,Lahore,17.2,66.1,0.0,11.7
26/02/2024,Islamabad,27.0,61.5,0.0,19.3
2024-07-25,Peshawar,17.4,45.9,0.0,3.1
17/04/2024,Multan,34.2,23.3,1.3,22.4
2024-09-09,Multan,17.0,74.0,0.0,0.2
05/05/2024,Lahore,32.3,22.0,0.0,17.1
2024-09-16,Multan,17.9,74.7,0.0,9.4
2024-07-30,Peshawar,20.5,84.8,0.0,12.9
19/12/2024,Islamabad,17.8,66.6,0.0,11.9
2024-06-17,Multan,28.1,47.1,0.0,10.7
14/10/2024,Islamabad,13.9,55.3,0.0,5.3
10/08/2024,Peshawar,16.4,77.9,4.5,14.2
04/05/2024,Peshawar,31.9,48.6,0.2,14.3
26/05/2024,Islamabad,27.0,56.6,0.0,2.3
2024-02-25,Karachi,38.2,51.8,0.0,6.8
22/04/2024,Karachi,44.4,57.6,1.6,10.1
03/06/2024,Lahore,,46.4,0.0,16.4
08/10/2024,Multan,18.3,54.3,0.0,12.5
2024-01-15,Lahore,26.8,38.5,0.0,17.1
2024-09-11,Islamabad,9.3,68.0,0.0,5.5
03/07/2024,Islamabad,21.4,70.6,0.0,12.4
13/06/2024,Islamabad,20.2,49.7,0.0,4.5
2024-01-21,Karachi,31.4,65.4,3.4,8.8
06/12/2024,Lahore,,75.1,0.0,15.9
2024-07-12,Multan,26.2,54.5,4.7,13.0
2024-06-22,Peshawar,,49.6,0.0,16.4
2024-06-13,Lahore,29.7,56.8,0.0,20.0
25/03/2024,Peshawar,33.5,43.2,0.0,20.0
05/02/2024,Karachi,31.1,38.5,0.0,-14.2
24/02/2024,Multan,34.9,72.9,1.8,11.0
09/09/2024,Islamabad,11.8,60.9,0.0,12.2
2024-05-02,Islamabad,31.2,54.1,0.0,16.3
2024-07-10,Peshawar,19.5,68.9,1.3,15.9
2024-07-26,Multan,20.4,64.1,2.9,2.4
2024-03-13,Peshawar,31.9,49.1,0.0,9.0
2024-02-23,Peshawar,28.9,66.4,0.8,8.8
23/09/2024,Islamabad,13.0,54.4,0.0,12.8
08/02/2024,Peshawar,28.7,80.6,0.0,8.2
02/06/2024,Multan,34.3,44.2,0.0,11.7
2024-11-22,Peshawar,17.8,42.0,0.0,21.0
29/08/2024,Karachi,19.8,41.0,0.8,18.1
2024-12-16,Islamabad,22.9,79.6,0.0,15.3
05/08/2024,Karachi,23.2,66.9,0.0,10.6
12/07/2024,Peshawar,22.4,38.0,0.1,18.4
2024-03-16,Islamabad,32.3,54.0,0.0,8.4
2024-09-07,Peshawar,11.8,54.7,1.2,12.3
17/06/2024,Karachi,32.0,65.8,3.2,14.7
03/06/2024,Islamabad,,54.7,0.0,2.4
14/04/2024,Islamabad,25.5,,0.0,17.2
19/10/2024,Multan,14.6,57.9,0.0,10.2
2024-07-18,Lahore,25.6,66.5,0.0,16.5
2024-11-06,Islamabad,12.4,63.9,0.0,0.1
12/03/2024,Karachi,38.1,54.6,1.0,15.6
2024-04-07,Peshawar,32.7,41.6,2.0,5.8
2024-01-05,Lahore,,49.8,0.0,9.9
14/07/2024,Peshawar,21.6,72.8,1.2,14.4
2024-12-12,Karachi,26.1,33.3,0.0,10.0
17/10/2024,Lahore,14.9,41.3,0.0,10.6
2024-10-05,Karachi,17.1,49.1,0.0,9.4
08/02/2024,Multan,32.2,72.8,0.0,16.2
2024-12-18,Islamabad,19.5,58.1,0.0,12.1
06/02/2024,Lahore,32.8,56.7,0.0,5.6
2024-03-31,Multan,36.1,45.4,0.0,14.7
2024-11-28,Multan,26.8,66.6,0.0,7.4
11/03/2024,Islamabad,33.3,44.9,0.0,7.5
2024-08-26,Islamabad,12.9,30.8,0.0,21.7
2024-01-06,Islamabad,20.3,43.3,0.0,9.9
2024-02-19,Karachi,39.8,41.5,0.0,18.4
11/02/2024,Multan,33.8,75.1,0.0,9.1
08/11/2024,Lahore,18.3,54.6,0.0,12.5
12/03/2024,Multan,37.3,38.3,0.0,12.1
29/12/2024,Islamabad,21.9,28.2,0.0,11.9
09/08/2024,Peshawar,17.5,85.0,0.0,7.5
2024-08-02,Karachi,24.1,22.6,0.0,11.1
2024-01-15,Multan,31.9,78.6,0.0,7.8
15/05/2024,Islamabad,27.9,36.3,0.0,15.0
23/04/2024,Peshawar,31.3,65.1,0.0,7.8
17/04/2024,Peshawar,30.2,60.9,0.0,5.2
24/02/2024,Lahore,30.3,53.8,0.0,11.8
2024-12-10,Islamabad,17.1,66.8,0.0,4.0
19/10/2024,Peshawar,15.1,65.6,0.0,18.7
2024-02-24,Islamabad,26.7,50.1,1.6,14.5
12/04/2024,Islamabad,32.7,69.0,1.1,9.2
2024-02-03,Multan,33.1,47.4,0.0,10.2
08/05/2024,Peshawar,32.7,64.9,0.3,14.7
25/05/2024,Lahore,29.5,39.6,0.0,7.8
11/08/2024,Peshawar,21.1,38.6,0.0,19.6
2024-08-15,Karachi,20.4,78.8,0.2,18.9
2024-12-30,Multan,29.4,72.0,0.5,15.2
05/03/2024,Karachi,36.1,34.2,0.0,9.0
31/01/2024,Multan,33.6,71.7,0.0,9.7
2024-12-05,Karachi,,69.7,0.0,7.4
26/07/2024,Lahore,23.2,78.8,0.0,5.9
13/04/2024,Karachi,35.9,61.1,3.1,18.2
30/11/2024,Karachi,25.8,83.3,0.0,19.3
2024-12-05,Islamabad,19.0,27.7,0.0,13.0
10/07/2024,Islamabad,21.0,30.5,0.0,12.2
2024-03-28,Karachi,38.4,68.2,0.0,19.1
19/05/2024,Peshawar,23.3,48.1,0.0,15.0
24/09/2024,Lahore,16.5,42.9,6.0,17.0
05/11/2024,Multan,20.4,33.9,2.9,7.3
10/01/2024,Lahore,19.8,44.3,3.2,14.7
20/06/2024,Peshawar,25.2,70.8,0.7,1.9
12/06/2024,Peshawar,,70.4,0.0,7.1
2024-09-29,Peshawar,12.7,70.8,0.0,15.2
2024-11-26,Islamabad,15.1,91.4,0.0,7.2
13/03/2024,Lahore,37.7,38.2,3.0,7.4
07/07/2024,Multan,22.3,66.3,0.0,15.5
2024-10-11,Karachi,18.9,71.6,0.0,17.0
2024-01-09,Karachi,29.5,61.9,0.0,14.7
23/01/2024,Multan,28.4,58.2,0.3,12.9
2024-03-06,Islamabad,31.0,51.3,0.0,9.7
06/06/2024,Lahore,30.9,51.3,0.0,9.2
2024-02-13,Multan,29.7,51.9,0.0,19.0
2024-07-18,Peshawar,24.0,46.2,2.1,17.4
2024-02-16,Peshawar,29.6,38.3,0.0,6.9
2024-06-06,Multan,29.6,62.7,0.0,6.8
05/09/2024,Karachi,22.4,75.0,0.0,8.9
15/05/2024,Multan,32.1,52.3,0.0,12.9
05/10/2024,Islamabad,,75.1,0.0,9.5
2024-05-29,Lahore,27.5,62.7,0.0,13.9
2024-10-07,Multan,19.7,54.1,0.0,14.4
2024-01-03,Multan,24.6,76.8,0.0,11.0
03/07/2024,Multan,22.5,41.7,0.0,5.3
09/08/2024,Islamabad,13.8,58.1,0.0,-4.5
03/05/2024,Islamabad,30.2,71.2,0.0,9.3
2024-07-06,Lahore,23.2,,0.0,11.1
2024-12-24,Islamabad,19.2,66.3,0.0,12.4
2024-10-23,Islamabad,11.7,65.5,0.5,11.8
2024-09-26,Peshawar,15.6,53.4,0.0,13.0
24/11/2024,Lahore,16.8,61.8,0.0,16.5
2024-05-07,Karachi,38.7,75.3,0.0,13.1
21/12/2024,Karachi,28.1,80.3,0.0,12.6
24/12/2024,Peshawar,25.5,64.0,0.0,5.1
10/07/2024,Multan,29.0,54.1,0.6,11.8
15/05/2024,Peshawar,32.4,54.7,0.0,20.3
08/06/2024,Lahore,25.0,74.3,0.0,20.1
27/03/2024,Lahore,35.1,49.6,0.0,23.6
30/08/2024,Islamabad,9.9,33.1,0.0,27.7
2024-08-14,Multan,20.5,28.9,0.2,20.5
2024-05-04,Karachi,36.5,51.7,0.0,5.8
24/04/2024,Karachi,37.0,69.6,0.0,13.9
01/05/2024,Lahore,33.9,82.5,0.0,15.3
2024-04-28,Karachi,35.1,60.1,0.0,14.8
2024-07-29,Multan,24.0,68.9,0.0,15.3
2024-06-19,Karachi,29.6,34.8,0.0,12.2
2024-11-19,Lahore,17.9,49.8,0.0,9.9
2024-05-27,Multan,32.9,50.3,0.0,13.0
2024-05-29,Peshawar,27.9,47.4,0.0,8.6
2024-04-28,Multan,37.1,41.7,0.0,6.4
16/08/2024,Islamabad,17.0,75.0,0.0,12.4
2024-01-29,Islamabad,27.2,51.4,0.0,10.3
03/04/2024,Lahore,32.2,39.1,0.0,8.2
25/07/2024,Multan,22.3,60.7,0.0,4.1
2024-05-31,Multan,28.9,65.3,0.0,14.0
2024-01-16,Peshawar,26.0,55.1,1.6,13.3
2024-09-15,Multan,17.2,50.5,0.1,17.2
04/11/2024,Karachi,20.0,,0.0,5.1
31/03/2024,Islamabad,32.4,56.0,1.0,9.3
23/03/2024,Peshawar,33.0,72.6,0.0,15.0
12/02/2024,Peshawar,29.5,45.1,0.0,
2024-03-23,Islamabad,28.0,47.7,0.0,14.5
23/08/2024,Karachi,20.4,78.5,0.0,11.2
2024-06-27,Karachi,,64.9,0.0,17.7
2024-10-17,Islamabad,11.5,57.4,0.0,14.5
12/04/2024,Lahore,32.0,50.0,0.0,-10.0
2024-03-02,Karachi,37.2,57.6,0.0,7.2
2024-08-10,Lahore,20.3,43.5,0.0,5.5
06/05/2024,Multan,31.6,46.3,0.0,7.1
2024-12-18,Multan,25.7,57.7,1.1,15.9
03/08/2024,Multan,21.0,45.3,0.0,12.1
12/06/2024,Islamabad,25.6,54.1,0.0,6.7
04/07/2024,Lahore,22.6,38.4,3.4,15.8
2024-05-20,Peshawar,29.8,61.5,0.0,13.2
31/03/2024,Peshawar,30.5,39.3,0.2,13.8
2024-06-09,Karachi,30.8,71.9,0.0,16.7
2024-11-09,Multan,23.1,58.8,0.0,8.0
2024-03-27,Karachi,36.1,46.1,0.0,17.8
2024-06-01,Islamabad,24.9,78.8,0.0,-1.9
15/02/2024,Peshawar,30.4,85.6,0.0,-1.7
20/01/2024,Islamabad,,58.1,0.0,20.3
04/11/2024,Multan,17.6,49.4,0.0,-1.1
2024-01-22,Islamabad,27.4,62.1,0.6,11.1
10/01/2024,Karachi,29.0,43.7,0.0,12.8
2024-07-01,Karachi,29.1,50.7,0.0,17.3
13/08/2024,Multan,19.3,89.5,0.0,13.6
2024-03-26,Multan,39.1,56.1,0.0,-2.5
05/11/2024,Lahore,15.7,77.8,0.0,15.8
2024-11-07,Islamabad,14.5,66.9,0.0,6.8
05/10/2024,Lahore,13.2,51.9,2.3,10.4
05/06/2024,Karachi,36.8,71.4,0.8,8.3
29/05/2024,Islamabad,24.7,59.5,0.0,11.8
2024-12-14,Multan,28.0,58.3,0.0,13.2
2024-11-12,Karachi,23.5,58.5,1.9,13.0
2024-03-29,Peshawar,31.9,57.9,0.0,14.5
2024-09-21,Karachi,18.6,50.4,0.0,6.1
2024-03-19,Peshawar,33.6,44.4,0.0,9.5
2024-04-08,Lahore,33.2,65.1,0.0,13.1
2024-05-22,Karachi,35.9,55.7,0.0,12.1
12/09/2024,Lahore,15.3,59.0,0.0,13.3
12/01/2024,Lahore,30.4,82.4,0.0,9.7
18/04/2024,Multan,36.5,70.4,0.0,12.4
06/12/2024,Multan,23.1,54.1,0.6,8.2
2024-01-26,Peshawar,26.3,52.0,0.0,10.0
2024-11-25,Peshawar,15.1,68.5,0.0,13.7
15/03/2024,Multan,35.3,39.8,0.0,13.6
02/04/2024,Islamabad,34.8,53.0,1.5,13.8
2024-11-16,Lahore,18.9,39.1,0.0,7.3
2024-01-23,Peshawar,24.1,62.8,0.0,11.0
2024-10-19,Karachi,18.8,59.1,0.0,10.7
2024-08-18,Lahore,15.9,29.1,0.0,8.3
2024-12-25,Peshawar,19.3,34.2,0.0,16.5
18/10/2024,Multan,18.3,78.6,0.2,9.6
30/05/2024,Multan,33.7,45.4,0.0,11.8
2024-03-25,Multan,36.1,70.9,0.0,
2024-12-03,Islamabad,14.5,45.4,0.0,13.7
06/09/2024,Karachi,20.8,30.5,0.0,13.1
16/03/2024,Karachi,37.6,76.9,0.0,8.9
20/07/2024,Peshawar,19.1,64.4,0.0,23.3
2024-11-12,Islamabad,13.5,27.6,0.0,10.7
31/10/2024,Karachi,16.7,72.5,0.0,8.0
19/08/2024,Karachi,24.1,60.8,0.0,16.9
2024-03-02,Islamabad,31.9,63.0,0.0,17.3
06/11/2024,Multan,20.1,29.7,0.0,10.9
2024-09-10,Peshawar,15.6,58.5,0.0,2.3
2024-12-17,Karachi,25.1,70.5,0.0,13.4
2024-11-03,Multan,21.0,36.1,0.0,11.7
30/03/2024,Karachi,34.9,64.4,0.0,13.5
21/11/2024,Lahore,19.8,58.9,0.0,6.7
2024-05-24,Karachi,33.5,45.3,0.0,9.0
2024-12-17,Multan,25.4,55.0,0.0,8.9
21/11/2024,Peshawar,18.5,32.5,0.0,16.8
2024-02-28,Islamabad,35.1,78.2,1.2,14.3
18/06/2024,Karachi,27.2,50.9,0.0,1.1
29/12/2024,Karachi,30.4,20.9,1.7,10.8
16/05/2024,Islamabad,29.1,44.4,0.0,14.0
2024-08-28,Lahore,17.1,45.0,0.0,5.7
09/01/2024,Peshawar,26.2,70.0,0.0,14.0
2024-12-14,Peshawar,,43.5,2.6,5.4
10/08/2024,Islamabad,15.1,50.1,0.0,6.9
05/02/2024,Lahore,33.3,55.1,0.0,13.2
2024-12-04,Islamabad,18.3,28.6,0.0,11.1
2024-06-09,Multan,,54.8,0.0,11.6
08/12/2024,Islamabad,17.0,46.3,1.3,6.5
2024-07-19,Islamabad,18.3,51.4,0.0,6.6
2024-08-29,Multan,16.1,60.8,0.0,14.1
2024-05-11,Peshawar,32.8,74.9,1.9,10.5
2024-04-07,Lahore,38.4,72.5,0.0,13.6
2024-09-30,Islamabad,12.8,87.6,0.0,14.3
2024-06-22,Multan,28.5,55.8,2.6,9.5
20/11/2024,Islamabad,13.5,85.4,0.0,15.5
2024-08-24,Islamabad,16.6,39.4,0.0,18.3
2024-01-20,Peshawar,25.6,38.0,0.0,16.6
2024-11-07,Karachi,22.0,78.5,0.0,20.2
2024-04-20,Islamabad,30.7,67.3,0.0,16.3
26/03/2024,Peshawar,36.2,55.2,0.0,14.1
19/04/2024,Multan,34.1,39.6,0.0,20.3
21/05/2024,Karachi,33.7,22.0,0.0,8.0
2024-02-02,Multan,34.9,47.2,0.0,5.2
04/01/2024,Peshawar,21.7,37.7,0.0,16.6
2024-07-20,Lahore,22.1,60.7,5.0,19.1
2024-06-29,Karachi,26.5,55.6,0.0,12.9
2024-12-06,Peshawar,16.8,38.9,0.0,9.8
2024-03-15,Islamabad,31.2,25.4,0.0,18.2
01/04/2024,Lahore,34.2,43.2,1.6,4.9
12/08/2024,Multan,22.6,49.2,0.0,12.3
09/04/2024,Peshawar,34.8,55.4,0.0,14.7
13/10/2024,Karachi,22.5,52.8,0.0,1.5
2024-05-03,Karachi,40.2,28.1,0.0,-4.0
2024-01-12,Multan,29.1,88.9,0.0,11.0
2024-02-07,Multan,37.2,57.5,0.5,10.8
27/11/2024,Multan,17.9,26.4,0.0,12.8
28/06/2024,Lahore,24.4,50.5,0.0,9.1
07/12/2024,Multan,23.0,63.6,0.0,6.9
2024-08-19,Peshawar,17.9,56.6,0.0,15.5
04/09/2024,Peshawar,11.1,,0.0,17.5
2024-05-15,Lahore,34.5,53.1,0.0,15.8
2024-10-12,Islamabad,13.2,52.4,0.0,
2024-08-04,Islamabad,17.3,64.5,0.0,7.7
2024-04-28,Lahore,33.4,60.0,0.0,20.2
2024-07-02,Peshawar,23.2,66.3,0.0,6.6
11/01/2024,Islamabad,24.9,68.3,0.0,0.3
2024-06-23,Islamabad,25.8,58.1,0.0,13.6
05/08/2024,Peshawar,19.4,68.8,0.0,8.8
2024-08-09,Multan,19.1,47.7,4.0,13.1
21/02/2024,Karachi,34.2,68.6,0.0,12.4
27/06/2024,Lahore,27.2,38.4,0.0,6.5
04/09/2024,Karachi,23.7,33.0,0.8,7.3
30/11/2024,Peshawar,15.4,48.8,0.0,3.5
2024-12-15,Islamabad,20.2,67.5,0.0,9.6
01/09/2024,Karachi,18.6,49.0,0.0,21.5
2024-11-16,Karachi,21.3,65.9,0.0,16.1
28/11/2024,Peshawar,18.7,66.8,0.0,11.8
22/07/2024,Islamabad,15.2,49.6,0.0,17.1
09/02/2024,Peshawar,33.9,26.1,0.0,10.8
2024-07-25,Karachi,26.4,65.1,0.0,14.2
18/04/2024,Karachi,40.6,51.5,0.0,19.2
27/08/2024,Peshawar,,65.7,0.0,7.3
2024-03-18,Multan,36.5,48.7,0.0,1.4
25/10/2024,Karachi,17.1,40.3,0.0,20.2
2024-10-04,Multan,19.6,45.5,0.2,14.6
09/02/2024,Islamabad,27.5,69.6,0.0,16.5
30/12/2024,Lahore,25.0,41.2,0.0,11.3
2024-05-28,Peshawar,26.5,57.0,0.0,12.2
2024-08-12,Islamabad,12.6,58.8,0.0,7.3
14/07/2024,Islamabad,20.4,64.2,0.0,10.4
17/12/2024,Islamabad,18.9,60.7,0.0,7.9
2024-03-07,Islamabad,30.2,46.2,0.0,5.2
31/08/2024,Islamabad,15.7,71.1,0.0,17.8
2024-09-27,Peshawar,12.7,77.7,0.0,11.0
04/07/2024,Islamabad,26.5,51.5,0.0,8.6
25/08/2024,Multan,19.3,66.8,7.1,17.7
30/11/2024,Multan,19.1,54.0,0.0,15.9
16/02/2024,Islamabad,29.0,49.2,0.0,16.9
2024-11-01,Karachi,21.9,51.5,0.0,12.9
04/12/2024,Multan,23.2,48.8,0.0,15.0
11/11/2024,Peshawar,13.1,42.0,0.0,9.9
2024-07-08,Lahore,23.2,61.2,0.0,10.0
15/11/2024,Peshawar,13.1,31.7,0.0,15.9
2024-04-16,Multan,39.6,75.8,0.0,9.0
2024-05-01,Peshawar,32.8,67.6,0.0,9.9
2024-01-02,Peshawar,23.3,71.9,0.0,10.7
2024-01-11,Peshawar,24.0,64.2,0.0,9.5
2024-02-21,Islamabad,31.2,50.9,0.0,4.3
2024-12-26,Karachi,29.4,79.0,0.0,6.4
14/09/2024,Multan,18.0,75.5,0.0,9.1
2024-06-03,Multan,31.9,68.7,0.0,7.8
01/04/2024,Islamabad,35.0,80.6,0.0,9.5
01/12/2024,Karachi,25.1,54.2,0.0,10.1
23/04/2024,Islamabad,30.9,56.9,0.0,11.4
19/01/2024,Lahore,29.5,46.5,0.4,16.7
18/05/2024,Peshawar,30.0,26.2,0.0,14.3
30/04/2024,Multan,32.5,60.4,0.0,8.7
2024-04-19,Peshawar,32.6,63.2,0.0,9.9
2024-05-23,Islamabad,27.9,46.2,0.0,12.4
16/08/2024,Karachi,25.5,48.7,0.0,11.9
2024-08-17,Multan,14.1,41.5,0.0,9.2
2024-07-28,Karachi,27.0,45.9,0.0,9.3
10/07/2024,Lahore,24.7,65.7,0.0,22.3
22/07/2024,Peshawar,20.9,56.8,0.0,13.6
16/02/2024,Karachi,36.3,48.5,0.0,16.1
22/09/2024,Karachi,17.2,19.5,0.0,12.7
2024-09-20,Peshawar,13.7,60.0,0.0,15.4
19/12/2024,Lahore,,64.2,0.0,8.3
2024-02-15,Karachi,34.3,60.9,0.0,14.0
27/02/2024,Multan,34.6,47.7,0.0,11.9
23/09/2024,Lahore,16.3,41.3,0.0,12.6
2024-06-26,Multan,29.3,75.0,0.0,-1.1
2024-02-01,Islamabad,22.5,53.3,0.0,8.1
20/09/2024,Lahore,17.6,46.7,0.0,17.2
11/02/2024,Karachi,31.5,59.5,0.5,22.1
2024-03-19,Multan,35.3,60.7,0.0,7.3
21/05/2024,Islamabad,30.4,38.4,0.0,14.5
07/07/2024,Lahore,25.1,66.2,0.0,15.5
12/06/2024,Lahore,28.2,68.8,0.1,18.3
10/05/2024,Multan,34.1,49.8,1.0,6.3
2024-05-06,Peshawar,28.7,67.3,0.0,2.0
12/09/2024,Peshawar,14.0,38.1,0.1,13.2
2024-09-15,Peshawar,15.3,78.0,0.0,8.5
2024-02-18,Multan,33.4,68.1,0.1,15.5
24/10/2024,Multan,20.0,60.4,0.0,17.4
2024-06-19,Multan,22.8,59.3,0.0,17.5
09/08/2024,Lahore,20.7,77.0,0.0,13.0
13/01/2024,Lahore,26.1,59.2,0.0,13.9
13/09/2024,Peshawar,15.9,52.8,1.5,14.4
2024-08-20,Islamabad,12.0,52.0,0.0,18.3
2024-02-22,Islamabad,29.0,78.9,0.0,10.0
01/01/2024,Lahore,20.4,43.9,0.0,5.0
10/05/2024,Karachi,35.1,68.2,0.0,8.8
2024-01-25,Multan,31.3,42.3,0.0,18.5
2024-01-08,Multan,31.0,92.4,0.0,14.1
2024-07-21,Peshawar,22.0,73.6,0.0,11.0
06/07/2024,Peshawar,19.8,41.2,0.0,14.2
20/06/2024,Karachi,31.7,63.4,0.0,3.7
2024-12-28,Peshawar,18.3,58.9,0.0,12.7
16/03/2024,Peshawar,,56.1,0.0,11.1
2024-04-16,Lahore,34.2,34.3,0.0,13.1
27/07/2024,Karachi,24.5,59.0,0.0,7.1
2024-12-14,Islamabad,19.8,54.4,0.0,7.4
2024-07-29,Peshawar,17.9,61.2,0.0,15.8
2024-10-28,Peshawar,15.0,66.1,0.0,6.1
2024-01-27,Multan,31.5,39.4,0.0,14.0
27/03/2024,Peshawar,34.9,34.9,0.0,8.5
2024-02-21,Lahore,31.8,48.3,0.0,12.7
2024-04-05,Lahore,38.8,87.3,0.0,16.4
08/01/2024,Islamabad,23.6,69.9,0.0,12.7
03/04/2024,Islamabad,31.8,59.2,0.0,3.3
18/10/2024,Islamabad,13.5,54.5,0.0,13.0
2024-09-17,Lahore,18.6,79.5,0.0,17.4
11/03/2024,Karachi,37.2,56.0,0.0,11.7
21/10/2024,Lahore,13.9,39.8,0.0,16.1
15/09/2024,Lahore,13.8,63.5,3.6,13.9
23/08/2024,Peshawar,15.1,80.2,0.0,7.5
16/12/2024,Peshawar,18.6,,0.0,12.1
2024-05-03,Multan,35.8,37.8,2.6,7.2
16/09/2024,Lahore,18.4,58.6,0.0,5.3
01/05/2024,Islamabad,33.2,44.2,0.0,10.0
26/05/2024,Karachi,36.1,52.3,0.0,10.9
2024-10-01,Multan,13.3,51.2,1.1,10.0
2024-01-27,Lahore,33.2,54.3,0.0,9.4
2024-09-07,Lahore,14.1,32.1,0.0,15.4
2024-10-15,Karachi,16.3,43.7,0.0,22.8
2024-11-12,Multan,19.7,50.1,0.0,6.9
2024-03-30,Islamabad,,73.9,0.0,11.3
2024-06-11,Peshawar,28.7,49.3,0.0,12.9
09/02/2024,Multan,30.7,48.5,0.0,
24/07/2024,Karachi,21.6,64.3,0.0,5.3
2024-02-03,Peshawar,25.8,41.6,0.0,15.6
28/05/2024,Multan,34.1,47.2,0.0,11.8
08/02/2024,Islamabad,26.2,82.1,0.0,15.9
2024-08-11,Lahore,16.7,51.5,0.0,20.5
23/08/2024,Lahore,17.1,63.8,0.0,5.7
17/11/2024,Karachi,21.9,61.0,0.0,11.7
2024-06-17,Islamabad,24.7,74.4,0.0,8.4
2024-12-15,Peshawar,20.7,79.7,10.1,7.4
04/04/2024,Lahore,31.5,85.3,0.0,5.5
2024-04-11,Multan,35.0,40.2,0.0,6.9
2024-06-06,Peshawar,26.6,55.3,0.0,10.5
31/10/2024,Peshawar,20.9,77.5,0.0,20.4
2024-05-12,Peshawar,32.9,53.8,0.9,10.7
2024-09-19,Karachi,17.0,55.6,0.0,12.1
22/01/2024,Lahore,27.4,81.2,0.5,15.3
2024-01-22,Multan,32.3,70.9,0.0,10.9
04/08/2024,Karachi,22.4,70.8,0.0,7.1
18/07/2024,Islamabad,19.1,74.6,0.0,9.1
2024-12-20,Karachi,27.7,72.0,3.8,14.9
10/01/2024,Islamabad,25.2,58.4,0.0,14.4
09/03/2024,Lahore,36.4,43.1,0.0,15.8
24/02/2024,Karachi,36.3,42.0,0.0,2.6
2024-02-07,Karachi,33.6,54.5,1.1,14.5
23/02/2024,Lahore,30.3,61.7,1.4,4.9
2024-07-11,Islamabad,,32.7,0.0,5.4
04/08/2024,Multan,20.3,50.8,0.0,17.8
2024-09-07,Multan,21.4,53.8,0.0,9.0
06/08/2024,Islamabad,15.0,76.7,2.2,13.9
13/06/2024,Peshawar,25.1,57.9,0.0,15.5
2024-01-11,Karachi,30.0,41.9,0.0,4.7
14/05/2024,Karachi,35.1,51.2,0.0,15.2
2024-06-04,Lahore,30.8,36.8,0.0,9.2
2024-07-24,Peshawar,,31.0,0.0,7.3
2024-05-25,Multan,34.3,60.5,0.0,4.7
2024-10-14,Multan,17.2,65.3,0.0,6.0
08/03/2024,Islamabad,31.5,48.1,0.0,16.9
2024-09-19,Lahore,10.3,44.6,0.0,14.1
18/04/2024,Peshawar,32.0,38.8,0.0,7.0
16/06/2024,Peshawar,25.7,46.3,0.0,9.5
07/06/2024,Lahore,27.6,69.6,0.0,5.0
02/05/2024,Lahore,34.3,53.7,0.0,12.1
2024-02-02,Peshawar,30.0,49.8,4.2,13.5
2024-03-19,Lahore,,47.4,0.0,7.1
03/07/2024,Karachi,27.6,58.7,0.0,11.5
20/03/2024,Karachi,34.0,39.1,0.0,
2024-05-20,Lahore,29.4,90.3,0.0,17.3
13/11/2024,Karachi,20.7,55.1,0.0,11.1
03/03/2024,Multan,39.0,62.4,0.0,18.2
2024-03-08,Peshawar,30.5,56.9,1.4,14.1
23/01/2024,Karachi,34.2,76.0,0.0,6.1
13/07/2024,Peshawar,21.6,50.0,7.0,10.4
2024-01-28,Peshawar,27.9,39.7,1.8,15.4
2024-04-21,Karachi,36.6,74.8,0.0,9.9
29/04/2024,Multan,36.1,56.6,0.0,12.8
09/03/2024,Karachi,35.7,53.7,0.0,9.5
2024-01-17,Peshawar,24.1,55.9,0.0,11.0
03/06/2024,Peshawar,25.5,73.8,0.0,5.2
2024-05-21,Peshawar,29.7,77.8,3.5,6.9
2024-05-09,Multan,38.6,43.8,0.0,4.6
2024-02-06,Multan,35.2,42.6,0.5,12.1
2024-06-11,Karachi,29.2,52.5,0.0,14.6
01/10/2024,Peshawar,14.4,61.1,0.0,21.7
2024-04-30,Lahore,31.2,33.9,0.0,4.2
16/06/2024,Lahore,28.6,42.0,0.0,4.5
23/12/2024,Islamabad,21.4,42.6,0.0,15.9
17/10/2024,Multan,18.6,40.1,0.0,22.9
05/02/2024,Peshawar,28.1,49.8,0.0,16.6
2024-11-28,Karachi,21.9,31.0,0.0,6.4
2024-05-02,Karachi,34.7,53.3,0.3,10.2
20/08/2024,Peshawar,14.7,69.8,0.0,11.0
2024-10-02,Islamabad,12.3,50.8,0.8,9.8
03/08/2024,Lahore,20.0,59.3,0.0,11.7
2024-12-23,Lahore,23.6,57.8,0.0,5.5
22/11/2024,Multan,20.9,56.8,0.0,
2024-10-13,Islamabad,12.7,33.8,0.0,9.5
2024-12-02,Islamabad,17.2,68.6,0.0,11.0
2024-05-04,Islamabad,29.8,59.5,0.0,10.3
01/12/2024,Multan,20.6,76.5,0.0,4.0
2024-01-14,Islamabad,23.6,38.3,1.5,20.8
2024-07-09,Multan,27.3,74.1,0.0,20.0
18/03/2024,Peshawar,31.2,32.6,0.0,8.1
2024-05-23,Peshawar,25.8,67.1,0.0,16.2
2024-07-02,Multan,27.4,27.1,0.0,7.7
2024-11-24,Karachi,22.3,31.2,0.5,12.4
2024-09-09,Lahore,15.6,,0.0,2.2
23/07/2024,Peshawar,21.2,99.0,0.0,11.0
2024-07-31,Karachi,21.2,62.0,0.0,10.1
2024-04-14,Peshawar,34.4,17.9,0.0,7.1
16/02/2024,Multan,36.3,69.0,3.2,15.0
29/08/2024,Peshawar,9.3,43.0,0.0,8.3
2024-05-19,Karachi,37.8,,0.0,10.3
2024-12-10,Karachi,22.1,51.8,0.0,4.5
2024-09-19,Islamabad,10.7,31.4,3.3,4.0
09/01/2024,Multan,33.9,54.6,0.0,20.5
13/07/2024,Islamabad,20.1,47.7,0.0,11.4
2024-01-24,Peshawar,29.3,40.9,0.0,4.8
2024-01-04,Karachi,29.0,59.3,3.1,11.5
2024-12-07,Islamabad,13.8,39.5,0.0,18.0
2024-09-08,Lahore,15.9,51.2,0.0,8.5
31/01/2024,Islamabad,29.1,71.1,0.0,8.9
30/05/2024,Karachi,31.8,54.7,0.0,12.3
2024-02-02,Islamabad,25.9,80.3,2.7,9.9
05/04/2024,Islamabad,33.7,48.4,0.0,11.1
10/08/2024,Multan,24.3,65.9,0.0,15.7
11/02/2024,Islamabad,30.5,34.8,0.0,11.4
17/01/2024,Islamabad,,51.4,0.0,7.2
30/11/2024,Lahore,18.3,64.8,0.0,19.6
20/02/2024,Karachi,32.6,50.1,0.0,7.2
2024-02-10,Multan,32.3,65.3,0.0,9.4
02/11/2024,Peshawar,14.2,41.3,0.0,15.3
2024-08-27,Lahore,12.5,40.3,0.0,9.7
2024-09-19,Multan,16.6,58.9,0.0,13.3
09/12/2024,Lahore,20.1,54.7,0.0,10.8
25/08/2024,Karachi,18.5,73.7,0.0,17.0
2024-12-02,Peshawar,19.0,44.8,0.0,15.1
2024-07-01,Lahore,24.8,49.3,0.0,11.5
11/03/2024,Multan,37.0,62.4,0.4,10.6
2024-09-12,Islamabad,14.9,72.0,0.0,3.7
03/02/2024,Karachi,34.6,63.9,2.6,6.5
2024-04-06,Karachi,38.1,58.0,0.0,15.5
2024-10-10,Karachi,15.9,62.6,0.0,9.2
2024-05-22,Multan,35.3,61.8,0.0,13.9
30/03/2024,Peshawar,34.2,36.8,0.0,14.8
2024-12-11,Multan,23.9,47.0,0.0,-7.9
2024-08-18,Peshawar,16.9,72.8,0.3,11.7
29/12/2024,Multan,26.2,63.7,0.0,-12.1
27/10/2024,Karachi,19.8,82.6,0.0,8.9
14/06/2024,Karachi,29.4,63.7,0.5,12.3
26/08/2024,Lahore,16.3,53.4,0.0,9.3
2024-01-10,Multan,29.8,49.4,0.0,4.7
2024-11-30,Islamabad,16.1,14.4,0.0,15.5
20/12/2024,Lahore,,38.9,0.0,10.5
06/03/2024,Peshawar,31.8,44.9,0.0,17.4
21/06/2024,Islamabad,20.8,43.8,0.0,19.7
2024-06-04,Multan,30.0,38.9,3.6,22.3
21/05/2024,Lahore,30.9,59.9,2.1,14.9
2024-05-14,Peshawar,31.5,47.9,0.0,10.9
18/04/2024,Lahore,36.1,56.3,0.0,7.3
16/07/2024,Islamabad,19.8,61.3,0.0,8.8
2024-01-14,Lahore,28.1,38.5,0.0,8.0
19/07/2024,Lahore,23.9,45.8,0.0,20.5
02/07/2024,Lahore,27.5,,2.2,16.8
26/05/2024,Peshawar,31.0,50.5,0.0,12.0
2024-06-07,Multan,33.8,30.0,0.0,21.0
29/07/2024,Lahore,22.5,54.8,0.0,13.4
2024-11-07,Peshawar,14.0,51.7,0.0,16.2
04/03/2024,Karachi,35.8,60.5,0.0,13.5
01/10/2024,Karachi,17.1,74.9,0.0,14.8
28/03/2024,Multan,34.6,38.5,0.0,10.3
2024-11-20,Lahore,,47.4,0.0,13.4
11/11/2024,Lahore,18.1,56.9,0.0,12.4
2024-05-27,Islamabad,25.8,,0.0,2.8
2024-10-31,Lahore,18.8,61.0,0.0,10.4
20/02/2024,Lahore,35.3,48.9,3.0,23.6
2024-01-29,Lahore,,62.6,0.0,10.7
2024-02-05,Islamabad,30.6,39.9,2.2,11.8
2024-12-24,Karachi,23.6,63.4,0.0,9.5
13/12/2024,Lahore,22.7,33.2,0.0,12.7
2024-10-26,Peshawar,12.7,42.9,0.0,4.6
2024-05-13,Multan,34.9,41.8,0.0,12.9
2024-02-10,Lahore,35.3,71.8,0.0,4.8
18/12/2024,Lahore,19.8,62.6,0.0,-10.8
2024-11-20,Karachi,17.8,40.2,0.0,11.7
2024-02-18,Karachi,37.7,51.5,0.0,16.1
08/02/2024,Karachi,34.4,50.0,0.0,12.6
2024-11-23,Peshawar,16.2,46.6,0.0,19.2
25/11/2024,Karachi,20.9,78.4,0.0,14.0
19/12/2024,Peshawar,20.1,46.8,4.4,10.9
2024-10-21,Karachi,20.6,34.0,0.0,5.9
2024-06-18,Islamabad,25.2,49.5,0.0,15.6
2024-04-06,Multan,37.2,43.6,0.0,10.4
17/04/2024,Islamabad,32.3,44.6,0.0,9.0
2024-11-08,Karachi,19.4,73.2,0.0,0.7
2024-02-20,Peshawar,33.8,47.6,0.0,12.1
17/12/2024,Lahore,19.7,48.8,1.9,19.2
2024-08-05,Multan,20.5,,0.0,14.6
2024-07-07,Karachi,27.0,44.9,0.0,1.8
2024-10-04,Lahore,16.6,62.9,0.0,14.6
20/08/2024,Lahore,19.9,59.3,0.0,0.9
19/07/2024,Multan,,55.7,0.0,2.4
30/03/2024,Multan,35.5,58.5,5.4,14.2
22/07/2024,Multan,26.7,92.1,0.0,12.6
2024-07-26,Peshawar,22.5,56.9,0.0,9.0
2024-08-15,Lahore,20.0,66.3,0.0,15.4
23/11/2024,Lahore,18.5,61.4,0.0,17.5
22/11/2024,Lahore,21.9,66.0,0.0,11.6
2024-10-26,Islamabad,13.1,69.1,0.0,-2.7
2024-06-14,Multan,30.6,51.4,3.8,18.6
2024-01-07,Multan,26.8,73.1,0.0,12.8
2024-07-12,Islamabad,19.4,45.5,0.0,-0.2
2024-02-29,Peshawar,31.1,39.5,0.0,15.6
06/02/2024,Peshawar,29.5,75.8,0.0,9.8
2024-04-05,Peshawar,34.8,74.8,0.0,20.2
2024-04-20,Karachi,37.2,27.5,1.3,16.0
2024-08-07,Karachi,23.8,66.4,0.3,7.4
10/05/2024,Peshawar,28.8,61.2,0.0,
2024-10-15,Peshawar,12.5,48.2,0.0,15.3
01/05/2024,Karachi,36.8,63.4,0.0,12.9
2024-02-06,Karachi,33.8,57.0,0.0,17.6
2024-03-14,Karachi,36.8,63.5,0.0,19.3
08/09/2024,Multan,19.7,53.5,0.0,15.7
2024-09-28,Karachi,18.7,52.4,0.0,7.1
2024-07-09,Lahore,23.6,17.3,2.2,12.7
2024-04-29,Karachi,35.0,50.4,0.0,14.3
2024-08-08,Peshawar,16.4,63.2,0.0,8.0
2024-09-01,Lahore,14.7,34.5,0.0,11.1
2024-04-02,Lahore,38.7,69.7,0.0,4.7
2024-05-09,Peshawar,28.3,53.3,0.4,9.3
2024-03-18,Islamabad,31.5,40.4,0.0,7.8
2024-07-28,Lahore,22.4,60.9,0.0,
01/08/2024,Lahore,18.8,90.8,0.0,10.0
07/03/2024,Peshawar,33.3,81.7,0.0,10.0
2024-09-22,Multan,19.5,,0.0,15.3
26/09/2024,Multan,17.6,65.6,4.3,
2024-03-21,Multan,36.5,59.0,0.0,4.8
2024-12-15,Lahore,23.0,71.7,0.0,9.1
25/07/2024,Islamabad,19.5,58.2,0.0,15.9
2024-08-03,Peshawar,13.7,62.9,0.0,14.2
10/06/2024,Karachi,33.7,38.2,0.0,14.9
2024-08-17,Islamabad,16.3,43.2,2.4,6.4
12/05/2024,Islamabad,29.0,75.3,0.0,18.6
2024-04-30,Islamabad,30.1,57.4,0.0,7.7
2024-01-24,Lahore,,27.9,0.1,14.4
09/04/2024,Lahore,31.9,54.4,0.0,3.3
2024-05-20,Karachi,29.6,66.6,0.0,10.6
2024-09-01,Peshawar,11.5,70.0,0.0,17.5
2024-08-11,Islamabad,15.4,35.2,0.3,17.0
2024-12-08,Multan,21.1,43.3,0.0,17.6
28/12/2024,Multan,26.2,49.1,0.6,7.9
2024-06-21,Karachi,30.5,39.5,0.0,16.9
2024-04-18,Islamabad,32.6,60.6,0.0,11.2
2024-06-04,Karachi,35.4,46.3,1.5,21.8
06/10/2024,Multan,13.2,67.7,0.0,11.4
2024-10-12,Lahore,13.6,51.6,0.0,15.7
2024-10-16,Peshawar,12.4,51.7,2.5,12.9
2024-09-27,Karachi,17.4,55.6,0.0,12.3
24/02/2024,Peshawar,31.6,60.3,0.0,15.4
15/10/2024,Multan,19.1,46.8,0.0,8.2
23/02/2024,Islamabad,28.4,34.1,0.0,6.4
25/04/2024,Multan,37.4,60.3,0.0,19.7
2024-11-19,Peshawar,13.7,36.3,0.0,7.0
2024-02-26,Peshawar,31.1,45.3,0.0,16.3
2024-02-29,Multan,35.1,67.7,0.0,24.1
02/11/2024,Islamabad,14.9,85.8,0.0,11.6
2024-09-13,Multan,17.2,42.9,0.0,15.8
2024-03-26,Lahore,33.9,64.2,0.0,4.9
11/04/2024,Karachi,,59.1,0.0,5.8
2024-01-26,Islamabad,25.8,72.2,0.0,12.2
22/03/2024,Multan,38.0,67.8,0.0,24.8
13/07/2024,Multan,30.9,55.9,0.0,8.7
05/06/2024,Peshawar,28.7,48.0,0.0,1.5
2024-03-09,Peshawar,32.8,55.8,0.7,13.6
27/07/2024,Lahore,21.8,51.5,0.0,9.3
13/01/2024,Multan,27.8,38.4,0.0,4.1
2024-10-18,Karachi,17.2,55.9,0.2,5.7
24/04/2024,Multan,34.4,60.0,0.0,10.1
2024-04-13,Lahore,36.2,47.8,0.0,9.2
2024-07-04,Peshawar,22.3,59.6,0.0,17.2
2024-07-30,Lahore,20.8,35.7,0.0,7.2
25/12/2024,Karachi,28.9,80.2,0.0,8.9
2024-01-26,Lahore,28.7,82.9,0.0,14.4
03/11/2024,Islamabad,14.4,53.5,0.0,18.7
2024-12-03,Peshawar,19.4,38.1,2.6,5.5
17/11/2024,Lahore,16.6,69.9,0.0,8.3
19/08/2024,Lahore,16.7,54.5,0.0,5.0
28/07/2024,Islamabad,19.3,65.5,0.0,9.0
2024-11-10,Karachi,16.5,,0.0,10.4
08/08/2024,Islamabad,18.1,,0.0,8.6
31/07/2024,Multan,24.7,32.6,0.0,10.8
2024-07-28,Multan,22.9,61.6,0.0,11.2
12/09/2024,Multan,14.5,63.9,2.8,19.6
22/07/2024,Lahore,20.8,55.8,0.0,12.9
2024-12-23,Multan,26.5,32.9,0.0,18.3
09/10/2024,Peshawar,12.6,77.0,0.0,7.3
2024-10-27,Peshawar,11.8,53.4,0.0,10.1
15/01/2024,Peshawar,27.3,41.4,0.3,7.3
25/01/2024,Peshawar,24.2,48.2,0.0,10.4
2024-12-01,Lahore,18.8,40.2,0.0,13.5
2024-12-25,Lahore,25.3,49.8,0.0,13.2
12/10/2024,Karachi,16.6,41.9,0.0,10.9
01/02/2024,Peshawar,26.5,45.1,0.0,16.0
15/08/2024,Multan,19.7,75.4,0.0,1.1
2024-03-29,Karachi,36.3,64.0,0.0,6.8
11/09/2024,Lahore,15.2,61.9,0.0,-0.2
2024-05-08,Islamabad,31.0,60.6,0.0,7.4
20/01/2024,Multan,30.4,52.0,1.8,12.1
2024-08-02,Lahore,20.2,64.9,0.0,11.6
2024-06-15,Multan,29.9,61.8,0.0,15.7
30/05/2024,Lahore,28.9,60.7,0.0,9.6
2024-01-16,Multan,30.7,74.6,0.0,18.8
25/11/2024,Islamabad,17.5,47.8,0.0,10.3
27/12/2024,Karachi,23.3,82.6,0.0,14.2
15/04/2024,Islamabad,34.8,78.5,0.0,12.9
2024-07-15,Islamabad,19.8,42.8,0.0,10.7
2024-05-31,Peshawar,27.7,58.0,0.0,13.5
25/06/2024,Multan,30.2,,0.0,8.3
2024-04-28,Peshawar,33.5,54.1,0.0,14.6
31/03/2024,Lahore,,62.9,0.0,15.5
04/02/2024,Lahore,32.9,32.2,0.8,16.2
30/10/2024,Islamabad,,54.4,0.0,11.4
2024-10-14,Karachi,18.9,46.4,0.0,0.9
2024-12-22,Lahore,25.6,58.1,0.0,21.7
29/02/2024,Karachi,31.6,72.9,0.0,11.1
13/07/2024,Karachi,29.1,59.9,0.0,13.6
2024-11-14,Islamabad,14.8,67.7,0.0,14.2
2024-09-16,Karachi,17.3,33.8,0.0,7.5
2024-05-13,Lahore,30.8,25.4,0.0,7.4
2024-11-28,Islamabad,15.7,60.6,0.0,9.8
2024-12-24,Lahore,23.7,58.0,0.0,10.0
2024-03-13,Karachi,40.5,28.4,0.0,8.9
2024-02-18,Islamabad,30.7,73.8,0.0,4.6
2024-01-20,Karachi,32.6,32.6,0.0,10.3
12/04/2024,Peshawar,33.5,34.6,0.0,11.0
16/06/2024,Islamabad,25.2,45.4,0.0,3.7
12/07/2024,Karachi,25.9,54.4,0.0,10.0
23/06/2024,Lahore,24.9,37.6,0.0,10.0
31/10/2024,Islamabad,11.4,,0.7,15.0
2024-04-25,Peshawar,31.0,49.7,0.0,8.3
2024-09-09,Peshawar,11.7,58.4,1.5,15.4
26/11/2024,Lahore,13.8,60.3,0.0,2.7
2024-08-27,Multan,15.8,51.5,0.2,0.9
2024-09-21,Lahore,15.9,60.6,0.0,12.8
19/01/2024,Islamabad,22.8,90.1,1.7,10.6
15/12/2024,Karachi,26.5,76.3,0.0,10.0
14/08/2024,Islamabad,17.1,37.1,0.0,13.1
07/05/2024,Multan,,40.2,0.0,13.9
2024-05-14,Multan,34.5,56.4,0.0,9.8
02/06/2024,Karachi,33.9,63.9,0.0,12.7
01/03/2024,Multan,33.8,58.7,0.0,7.7
09/11/2024,Lahore,16.0,31.8,0.0,17.4
2024-12-22,Islamabad,21.2,63.1,0.0,13.7
10/05/2024,Islamabad,31.7,51.1,0.0,3.7
2024-07-16,Lahore,22.5,42.3,0.0,11.5
29/02/2024,Lahore,32.7,79.3,0.0,16.7
15/08/2024,Peshawar,14.5,55.8,0.0,7.1
2024-01-18,Islamabad,22.7,66.3,0.0,13.0
02/11/2024,Lahore,16.9,41.9,0.0,9.5
15/02/2024,Islamabad,28.3,59.9,0.0,8.7
2024-12-18,Peshawar,19.5,66.6,0.0,15.1
2024-08-24,Lahore,15.7,80.7,1.9,4.2
2024-11-05,Karachi,21.5,62.6,0.0,14.6
09/04/2024,Karachi,42.8,63.4,0.0,16.6
2024-05-04,Lahore,34.3,46.4,0.0,7.4
19/11/2024,Islamabad,14.4,58.8,0.0,8.5
2024-03-17,Peshawar,29.7,87.9,1.9,17.1
08/06/2024,Islamabad,26.8,62.0,0.0,12.7
22/03/2024,Karachi,37.6,54.2,0.4,8.0
20/07/2024,Karachi,26.0,58.9,0.0,11.2
01/07/2024,Islamabad,17.1,49.2,0.0,22.5
05/09/2024,Lahore,14.8,82.0,0.0,16.0
2024-05-15,Karachi,33.1,60.2,0.0,4.3
25/06/2024,Lahore,26.9,63.1,1.4,10.9
2024-11-13,Islamabad,12.9,92.4,1.6,8.6
2024-09-08,Peshawar,13.9,74.9,0.0,6.8
2024-02-25,Islamabad,33.4,80.2,0.0,14.6
2024-03-21,Peshawar,31.0,55.1,0.0,13.5
07/03/2024,Lahore,33.4,40.1,0.0,9.2
04/05/2024,Multan,35.0,69.4,0.0,7.1
17/08/2024,Lahore,15.2,72.6,0.0,9.9
13/05/2024,Peshawar,32.6,45.9,0.0,11.3
11/09/2024,Multan,15.2,29.5,0.0,8.1
14/09/2024,Islamabad,13.9,68.3,0.0,6.6
2024-08-16,Lahore,15.6,54.6,0.0,1.5
2024-10-25,Peshawar,10.9,54.2,0.0,16.8
2024-11-03,Lahore,19.3,58.2,0.0,11.4
07/11/2024,Multan,19.1,63.5,0.0,12.3
17/07/2024,Islamabad,16.4,22.5,0.0,6.5
18/08/2024,Multan,21.4,65.3,0.0,13.0
06/11/2024,Lahore,15.4,42.1,0.0,15.0
2024-02-17,Lahore,29.8,69.9,0.0,9.0
05/05/2024,Multan,34.9,55.9,0.0,10.5
2024-07-03,Lahore,24.4,46.9,0.0,11.5
03/11/2024,Peshawar,13.6,27.0,0.0,12.0
2024-06-30,Lahore,24.5,54.5,0.0,20.8
17/11/2024,Peshawar,13.1,51.9,0.7,8.3
2024-02-03,Islamabad,26.4,51.8,0.0,-0.7
01/07/2024,Multan,27.3,60.7,2.2,18.2
2024-12-03,Lahore,23.0,67.5,2.3,11.0
22/02/2024,Multan,35.9,54.9,1.9,21.6
25/07/2024,Lahore,22.6,69.0,0.0,5.1
2024-08-21,Peshawar,13.5,40.0,0.0,9.4
2024-10-24,Karachi,15.1,52.7,0.0,11.2
2024-09-10,Lahore,15.5,74.2,0.0,9.7
11/11/2024,Islamabad,13.6,53.6,0.0,7.8
2024-12-19,Karachi,25.7,36.6,0.0,11.2
2024-10-02,Multan,18.3,70.3,0.0,11.1
23/02/2024,Karachi,34.1,51.9,0.0,12.5
30/09/2024,Multan,18.6,62.6,0.0,22.3
2024-07-07,Islamabad,18.4,47.8,0.0,8.4
2024-02-18,Lahore,30.6,63.8,0.0,15.0
2024-07-22,Karachi,27.2,100.0,0.0,12.9
16/11/2024,Peshawar,13.9,36.2,0.0,9.7
2024-05-28,Karachi,34.5,48.7,0.0,7.1
2024-05-04,Islamabad,29.8,59.5,0.0,10.3
10/11/2024,Lahore,,49.7,0.0,14.7
06/01/2024,Lahore,28.5,55.2,0.0,-18.8
19/05/2024,Lahore,30.5,49.2,0.0,16.0
2024-08-01,Peshawar,16.6,67.0,0.0,14.8
2024-02-27,Lahore,32.3,28.6,0.0,6.3
2024-09-25,Multan,17.4,65.8,0.0,22.7
12/11/2024,Peshawar,16.4,60.8,0.0,11.6
09/01/2024,Islamabad,24.3,59.0,1.4,6.4
20/11/2024,Multan,20.6,44.9,0.0,10.2
11/03/2024,Lahore,33.7,55.8,0.0,8.9
2024-09-03,Peshawar,16.7,43.6,0.0,12.1
2024-02-22,Peshawar,31.6,64.6,0.0,19.4
25/03/2024,Karachi,36.1,60.3,0.0,10.5
2024-07-27,Multan,22.9,31.3,0.3,18.8
28/10/2024,Islamabad,14.1,77.0,0.0,13.8
2024-08-03,Islamabad,14.7,48.8,0.0,16.1
2024-09-28,Peshawar,15.8,64.9,0.0,9.3
06/08/2024,Multan,20.0,36.6,0.3,7.9
2024-09-27,Islamabad,15.5,74.7,0.0,7.2
2024-10-29,Lahore,15.2,41.6,0.0,12.3
2024-12-22,Karachi,27.1,,0.0,15.3
16/04/2024,Peshawar,35.2,,0.0,10.0
2024-05-12,Lahore,31.7,74.6,0.0,11.7
2024-01-05,Islamabad,24.6,67.9,0.0,9.3
2024-09-28,Multan,16.6,26.2,0.0,10.9
2024-11-14,Karachi,17.3,59.7,0.0,14.9
2024-01-15,Islamabad,27.5,49.1,0.0,9.3
26/12/2024,Multan,27.1,71.6,0.0,20.3
24/01/2024,Multan,30.7,39.4,0.0,10.4
08/01/2024,Lahore,27.8,74.5,0.0,12.2
05/11/2024,Peshawar,13.0,50.4,0.0,13.3
29/01/2024,Multan,32.9,95.9,0.0,1.4
15/06/2024,Lahore,29.5,49.5,0.0,18.0
08/11/2024,Peshawar,13.6,42.8,3.6,12.6
22/10/2024,Peshawar,12.8,46.9,0.0,7.6
2024-09-03,Lahore,14.8,63.7,0.0,7.5
2024-09-05,Multan,20.7,53.6,0.0,9.5
2024-04-11,Islamabad,32.1,66.5,0.6,9.6
24/04/2024,Islamabad,27.6,14.6,0.0,13.0
18/11/2024,Karachi,22.1,30.5,0.0,15.8
12/02/2024,Islamabad,28.7,63.0,0.0,14.8
06/01/2024,Peshawar,20.9,42.4,0.0,16.1
13/02/2024,Peshawar,28.7,69.1,1.2,4.3
04/01/2024,Islamabad,22.9,50.5,0.0,14.4
16/05/2024,Multan,36.0,63.2,0.0,14.1
05/06/2024,Islamabad,31.9,52.7,0.0,5.6
30/05/2024,Islamabad,27.3,68.2,5.1,13.5
2024-04-16,Islamabad,28.8,49.9,0.0,1.3
27/05/2024,Karachi,34.5,41.7,0.0,16.6
15/07/2024,Lahore,22.8,44.8,0.0,8.2
2024-07-31,Lahore,,25.3,0.0,11.5
07/10/2024,Peshawar,15.5,46.5,0.0,6.3
24/09/2024,Peshawar,13.3,10.0,0.0,3.5
2024-10-19,Lahore,13.1,73.6,0.0,14.1
2024-10-24,Lahore,17.0,22.5,0.0,11.1
17/09/2024,Islamabad,11.4,61.5,0.0,24.7
11/09/2024,Karachi,19.9,52.4,0.0,11.5
15/04/2024,Peshawar,37.9,53.3,0.0,11.5
2024-06-06,Karachi,36.0,39.4,0.0,15.9
2024-01-13,Karachi,28.5,30.6,0.0,16.6
2024-01-21,Islamabad,27.0,12.4,0.0,22.6
15/01/2024,Karachi,34.6,25.8,0.1,12.0
29/03/2024,Lahore,32.7,46.3,0.6,8.8
19/12/2024,Multan,23.7,42.1,0.0,1.8
08/02/2024,Lahore,33.1,41.2,0.0,6.2
22/09/2024,Peshawar,14.1,51.9,5.0,14.8
2024-07-16,Multan,27.2,48.5,0.0,11.8
2024-06-29,Lahore,24.1,58.5,0.0,11.1
2024-10-20,Peshawar,12.9,58.1,0.0,13.2
2024-09-06,Multan,19.3,66.6,0.0,5.7
17/02/2024,Islamabad,30.5,76.5,0.0,8.0
01/06/2024,Peshawar,24.9,74.7,3.3,9.5
31/05/2024,Karachi,32.7,67.6,0.0,10.8
12/04/2024,Multan,37.5,62.7,0.0,8.9
2024-12-12,Multan,26.0,86.6,0.0,4.1
2024-04-24,Peshawar,33.9,66.0,0.0,18.8
2024-02-14,Lahore,31.7,56.2,0.0,15.1
14/02/2024,Peshawar,27.6,50.6,0.0,14.1
11/05/2024,Islamabad,30.9,35.1,0.0,16.0
02/04/2024,Karachi,36.8,43.6,0.0,4.9
08/10/2024,Islamabad,11.9,51.2,0.0,12.8
2024-10-21,Islamabad,10.5,64.5,0.0,7.3
14/06/2024,Lahore,27.5,45.1,0.0,3.9
2024-05-26,Lahore,33.6,63.9,0.0,22.4
30/08/2024,Lahore,18.5,45.7,0.0,9.9
2024-12-11,Lahore,25.0,25.4,0.0,18.2
24/03/2024,Karachi,36.5,57.8,0.0,4.5
2024-11-18,Islamabad,17.5,48.3,1.3,16.1
2024-07-16,Peshawar,20.6,49.7,2.6,-13.9
02/01/2024,Lahore,26.8,45.5,0.0,12.5
22/12/2024,Multan,26.0,60.4,0.0,3.8
04/04/2024,Peshawar,32.3,93.1,0.0,16.3
12/01/2024,Islamabad,27.4,82.4,0.0,13.9
30/01/2024,Peshawar,26.5,54.5,0.0,0.1
2024-06-30,Karachi,27.2,47.6,0.0,15.4
29/06/2024,Islamabad,20.9,37.7,0.0,6.2
27/11/2024,Peshawar,18.3,60.5,5.0,13.0
13/03/2024,Islamabad,30.0,66.1,0.0,4.9
07/02/2024,Peshawar,27.2,22.2,0.0,14.7
27/06/2024,Islamabad,23.2,59.5,0.0,17.1
2024-11-25,Lahore,15.6,49.5,0.0,4.7
28/08/2024,Multan,17.7,64.1,0.0,15.3
11/10/2024,Peshawar,13.3,35.2,0.0,7.7
23/03/2024,Lahore,35.2,53.3,0.0,13.4
2024-06-20,Multan,29.1,37.7,0.0,19.1
2024-10-06,Islamabad,9.5,73.4,0.0,10.7
2024-12-21,Peshawar,21.1,44.1,0.0,13.7
2024-03-29,Islamabad,34.4,36.3,0.0,8.8
2024-12-04,Karachi,23.5,38.9,0.2,7.6
2024-11-06,Peshawar,16.2,41.4,0.0,4.4
18/12/2024,Karachi,25.1,48.1,0.0,14.3
2024-07-21,Lahore,22.4,55.2,0.0,8.5
15/07/2024,Karachi,27.1,70.5,0.0,12.1
2024-06-30,Peshawar,,54.8,0.0,9.8
24/07/2024,Lahore,20.5,57.8,0.0,10.8
27/02/2024,Karachi,34.9,56.5,0.0,20.2
2024-06-04,Islamabad,26.6,58.3,0.0,19.9
2024-06-21,Lahore,24.5,58.1,0.0,7.7
2024-01-25,Islamabad,,59.2,0.0,4.1
30/09/2024,Lahore,13.9,63.4,0.0,1.6
22/02/2024,Lahore,32.8,76.1,3.1,11.1
2024-03-14,Islamabad,31.9,40.7,0.0,-1.6
2024-07-06,Multan,25.7,63.5,0.0,18.4
22/10/2024,Islamabad,13.2,47.6,0.0,6.1
23/07/2024,Karachi,26.0,46.8,0.0,15.5
2024-04-20,Lahore,35.6,40.7,0.0,14.1
2024-05-09,Karachi,34.3,73.3,0.0,13.3
28/02/2024,Lahore,32.1,,0.0,9.9
07/02/2024,Islamabad,,54.8,0.0,13.4
30/08/2024,Peshawar,14.2,52.3,0.0,9.3
2024-01-09,Lahore,25.8,51.7,0.9,4.6
2024-04-06,Islamabad,30.9,67.8,0.2,13.1
01/05/2024,Multan,34.3,47.3,0.0,8.7
2024-12-05,Multan,22.1,50.3,0.0,15.3
08/12/2024,Lahore,21.7,76.0,0.0,5.1
18/10/2024,Peshawar,14.7,29.9,0.0,-4.1
09/07/2024,Peshawar,22.8,,0.0,4.4
22/10/2024,Karachi,16.2,82.9,0.0,-14.7
17/05/2024,Peshawar,30.4,70.5,0.0,16.6
2024-03-09,Islamabad,,56.3,0.0,14.4
2024-10-30,Lahore,18.4,41.2,0.0,11.1
2024-03-05,Lahore,35.3,52.2,0.0,15.0
2024-04-19,Karachi,36.4,43.7,0.0,18.0
23/11/2024,Islamabad,12.7,27.5,0.9,14.0
2024-01-18,Peshawar,27.9,80.2,0.0,10.4
05/07/2024,Karachi,28.0,43.6,0.4,12.8
2024-03-10,Multan,38.5,37.7,0.0,4.9
12/08/2024,Karachi,22.0,67.1,0.0,14.1
2024-03-12,Peshawar,32.5,56.5,0.0,13.5
2024-03-31,Karachi,37.4,66.9,0.0,14.5
20/07/2024,Islamabad,20.5,71.3,0.1,6.3
14/07/2024,Multan,26.3,72.7,0.0,18.0
2024-05-22,Islamabad,24.9,86.9,0.0,10.0
2024-01-19,Multan,30.4,58.2,0.0,12.5
07/05/2024,Islamabad,31.9,54.4,0.0,17.2
19/01/2024,Karachi,33.2,73.3,0.0,12.9
28/10/2024,Lahore,17.1,42.8,0.0,6.7
16/01/2024,Lahore,24.0,58.9,0.3,6.0
2024-04-27,Multan,36.9,83.2,0.4,12.6
21/02/2024,Multan,38.3,70.5,0.0,10.3
19/02/2024,Islamabad,26.7,31.2,0.0,11.3
2024-10-06,Peshawar,12.2,45.2,0.0,18.6
2024-09-06,Lahore,,60.1,0.0,7.5
18/03/2024,Karachi,41.1,84.7,0.0,11.9
2024-05-24,Islamabad,29.6,67.2,1.9,15.6
2024-02-13,Islamabad,29.3,30.5,2.2,12.6
26/06/2024,Islamabad,,45.7,0.0,10.4
2024-03-04,Peshawar,30.1,49.4,0.0,25.3
2024-09-15,Islamabad,14.3,67.3,0.0,12.0
09/08/2024,Karachi,22.6,68.4,0.0,14.2
2024-01-05,Peshawar,25.9,77.9,0.0,5.8
2024-10-01,Islamabad,14.5,62.5,0.0,15.0
14/07/2024,Lahore,20.8,35.1,0.0,19.3
09/02/2024,Lahore,31.9,32.5,0.0,10.2
2024-06-01,Multan,30.2,68.7,0.0,14.0
26/02/2024,Multan,35.3,79.5,0.0,13.3
23/05/2024,Lahore,32.1,49.7,0.0,8.1
2024-01-02,Multan,27.8,55.7,0.0,11.5
2024-04-27,Peshawar,29.9,37.4,6.6,5.0
2024-01-13,Peshawar,25.5,57.5,0.0,1.0
2024-10-08,Peshawar,15.1,55.8,0.0,14.2
26/02/2024,Lahore,34.0,29.3,0.0,8.6
2024-05-07,Lahore,34.2,62.1,0.0,5.8
2024-12-10,Lahore,24.2,49.3,0.0,9.7
20/06/2024,Lahore,22.2,59.4,0.0,
2024-11-05,Islamabad,12.1,53.6,0.0,13.5
2024-11-18,Multan,18.9,66.2,2.1,14.1
2024-01-24,Karachi,31.3,62.4,0.0,10.9
12/12/2024,Islamabad,16.1,57.1,0.0,7.3
2024-12-23,Karachi,25.6,44.2,0.0,7.7
14/09/2024,Lahore,13.8,40.8,0.0,9.2
2024-10-11,Lahore,13.8,61.1,0.0,8.2
26/01/2024,Multan,34.3,50.9,0.0,10.8
16/08/2024,Multan,20.9,46.3,0.7,22.5
15/04/2024,Multan,36.2,48.1,0.0,8.3
2024-01-08,Karachi,29.9,64.3,0.0,24.1
2024-06-12,Karachi,30.2,59.8,0.0,13.9
23/10/2024,Lahore,15.2,44.6,0.0,14.5
29/01/2024,Peshawar,26.8,56.2,0.5,9.7
13/09/2024,Islamabad,16.9,75.7,0.0,8.5
2024-10-03,Lahore,13.0,50.5,0.0,8.0
25/09/2024,Islamabad,14.9,62.0,0.0,15.2
27/11/2024,Karachi,20.5,27.0,0.0,22.2
2024-10-11,Multan,19.6,59.0,0.5,13.8
06/08/2024,Peshawar,21.9,57.0,1.6,12.6
2024-04-01,Karachi,34.0,48.0,0.0,13.8
01/01/2024,Multan,27.3,63.3,0.0,11.7
2024-12-11,Karachi,24.3,50.4,0.0,18.9
2024-07-18,Karachi,27.3,34.2,0.0,21.5
09/12/2024,Islamabad,19.3,50.4,0.0,8.2
2024-04-07,Islamabad,31.6,35.5,0.0,4.3
2024-08-07,Multan,22.5,52.6,0.0,14.2
2024-10-13,Multan,16.5,46.6,0.0,10.4
2024-03-27,Multan,37.8,58.5,0.0,17.5
2024-10-14,Peshawar,14.1,63.6,0.0,12.4
2024-10-26,Lahore,17.7,61.7,0.0,2.0
13/03/2024,Multan,37.9,,0.0,12.1
2024-11-29,Peshawar,17.8,47.3,0.0,17.7
22/05/2024,Peshawar,26.3,62.5,0.0,20.1
27/03/2024,Islamabad,32.5,39.8,0.0,6.3
2024-05-31,Islamabad,26.2,70.0,0.0,11.8
12/02/2024,Karachi,38.1,54.8,0.0,14.4
02/04/2024,Multan,39.3,38.8,0.0,4.8
01/02/2024,Karachi,38.1,65.5,0.0,11.9
20/10/2024,Karachi,20.8,61.6,5.4,11.9
04/01/2024,Lahore,26.0,83.4,0.0,10.6
2024-12-13,Karachi,24.1,53.6,0.0,4.8
04/08/2024,Peshawar,16.1,63.4,0.0,11.4
24/03/2024,Multan,38.6,70.8,0.0,15.8
15/09/2024,Karachi,18.3,69.3,0.0,10.7
06/11/2024,Karachi,19.9,55.1,0.0,13.1
27/10/2024,Lahore,17.3,45.2,0.0,10.7
22/08/2024,Lahore,14.6,58.9,0.0,12.0
2024-01-05,Multan,24.4,83.4,0.0,10.3
2024-06-24,Peshawar,24.7,38.1,0.5,12.2
2024-10-07,Lahore,12.1,44.4,0.2,17.0
2024-12-03,Multan,,51.2,0.0,13.8
21/04/2024,Peshawar,36.8,37.1,0.0,14.8
13/11/2024,Peshawar,15.3,37.8,0.0,5.0
2024-07-18,Multan,23.3,53.5,0.0,14.5
2024-11-29,Karachi,24.1,,0.0,-12.0
25/08/2024,Islamabad,13.2,43.0,0.0,15.7
21/01/2024,Lahore,29.4,61.9,0.0,11.9
04/08/2024,Lahore,19.3,45.4,0.0,12.4
2024-10-09,Islamabad,14.7,79.7,0.0,14.4
2024-03-10,Islamabad,30.6,34.9,0.0,8.5
18/09/2024,Peshawar,,65.4,0.0,17.7
2024-09-29,Karachi,18.6,42.1,0.0,17.6
28/01/2024,Islamabad,27.0,48.8,0.0,23.4
11/03/2024,Peshawar,32.7,68.1,0.0,17.4
2024-11-07,Lahore,16.6,54.4,0.0,6.3
24/06/2024,Multan,25.9,55.2,0.0,11.2
2024-07-27,Islamabad,18.3,80.1,0.0,10.8
2024-05-11,Multan,30.2,58.3,0.0,19.6
11/07/2024,Lahore,23.8,49.9,0.2,21.3
26/04/2024,Peshawar,32.3,41.4,0.0,13.0
2024-06-23,Peshawar,25.1,44.8,0.0,16.6
2024-03-02,Peshawar,30.9,45.0,0.0,8.0
03/10/2024,Peshawar,12.3,45.1,0.0,7.6
13/05/2024,Karachi,35.6,85.0,0.0,10.6
23/03/2024,Multan,34.9,34.1,0.0,18.2
2024-05-16,Peshawar,29.5,38.9,0.0,14.3
2024-07-19,Karachi,29.2,34.4,0.0,18.3
2024-08-29,Lahore,16.9,68.3,0.0,
19/02/2024,Peshawar,29.7,56.2,0.0,10.9
24/08/2024,Karachi,22.0,46.1,0.0,10.9
09/06/2024,Lahore,29.7,66.6,0.0,4.0
2024-01-30,Islamabad,29.0,29.6,2.4,14.3
2024-08-08,Multan,16.6,53.7,0.0,-0.5
2024-01-30,Lahore,31.6,69.6,0.0,13.4
2024-09-05,Islamabad,,43.2,0.0,18.4
2024-11-09,Karachi,21.4,67.8,0.0,11.8
26/06/2024,Lahore,30.4,54.5,1.1,13.6
26/03/2024,Islamabad,32.5,55.5,0.0,7.0
29/04/2024,Lahore,33.6,33.7,0.0,21.9
2024-10-06,Karachi,19.9,79.3,0.0,12.5
12/07/2024,Lahore,25.6,43.4,1.9,13.3
14/04/2024,Lahore,37.4,94.0,0.0,15.2
2024-02-21,Peshawar,28.8,43.7,0.0,10.8
05/08/2024,Islamabad,14.3,70.4,0.0,9.7
12/03/2024,Lahore,37.8,61.8,0.0,8.2
2024-11-04,Peshawar,15.6,48.3,0.0,6.3
2024-01-16,Islamabad,24.0,,0.0,9.2
2024-09-02,Multan,20.8,80.4,0.0,6.0
2024-10-21,Multan,18.3,,0.0,10.9
2024-06-24,Islamabad,24.8,,0.0,11.8
28/06/2024,Karachi,23.9,44.3,1.2,11.7
27/12/2024,Peshawar,21.8,,0.0,13.0
08/12/2024,Karachi,21.8,,0.0,15.9
2024-08-30,Multan,18.6,66.4,0.5,8.1
08/03/2024,Lahore,30.2,63.9,0.0,18.8
05/09/2024,Peshawar,17.5,68.7,0.0,11.2
19/04/2024,Lahore,35.4,61.0,0.0,0.8
09/06/2024,Islamabad,26.1,45.8,0.0,22.4
20/06/2024,Islamabad,26.6,36.8,0.0,15.7
2024-11-23,Multan,20.2,59.7,0.0,15.8
2024-03-03,Lahore,35.5,50.3,0.0,-15.7
2024-01-18,Karachi,29.0,68.3,0.0,10.0
2024-04-25,Karachi,38.5,43.4,3.2,8.7
2024-10-03,Islamabad,12.5,56.9,0.1,0.8
2024-05-02,Multan,38.5,41.9,0.0,10.9
29/09/2024,Multan,19.5,72.1,0.0,13.5
2024-04-21,Lahore,34.5,60.1,0.0,20.0
04/06/2024,Peshawar,27.2,34.5,0.0,16.7
2024-07-26,Karachi,25.4,63.4,0.0,14.5
2024-03-19,Islamabad,31.8,61.2,0.0,11.5
2024-10-05,Multan,18.3,58.8,0.0,23.4
2024-10-04,Lahore,16.6,62.9,0.0,14.6
2024-08-02,Multan,,39.7,4.4,9.9
18/05/2024,Karachi,36.3,52.2,0.0,16.4
2024-01-31,Peshawar,28.8,28.4,0.0,5.2
2024-11-24,Peshawar,16.7,51.8,0.0,12.5
03/11/2024,Karachi,18.7,28.0,0.0,8.3
2024-04-04,Islamabad,31.3,56.6,0.0,16.8
06/04/2024,Peshawar,33.9,53.6,0.0,4.7
2024-04-22,Islamabad,30.8,55.7,0.0,0.6
2024-08-29,Islamabad,16.8,69.3,0.1,7.8
2024-11-10,Islamabad,17.8,52.3,0.0,12.5
2024-06-08,Karachi,32.3,58.7,0.0,10.9
2024-09-12,Karachi,20.9,71.2,0.0,14.4
2024-09-24,Karachi,20.4,87.5,0.0,9.5
2024-11-11,Karachi,19.2,50.5,0.0,4.6
23/11/2024,Karachi,23.1,57.2,0.0,10.7
2024-01-06,Karachi,27.3,35.9,2.8,13.4
16/06/2024,Multan,,34.5,0.0,15.8
2024-07-13,Lahore,23.1,45.2,0.0,18.9
22/04/2024,Multan,36.0,28.4,0.0,10.9
16/12/2024,Karachi,29.0,51.9,0.0,-15.4
23/06/2024,Karachi,28.8,48.7,0.0,17.8
07/01/2024,Lahore,23.3,88.7,0.0,14.8
2024-01-20,Lahore,28.7,54.3,0.0,15.1
25/06/2024,Peshawar,23.2,84.8,0.0,11.8
08/12/2024,Peshawar,18.9,43.3,0.0,9.0
2024-03-08,Multan,36.0,41.0,1.9,8.6
12/04/2024,Karachi,36.3,55.9,0.0,18.0
2024-10-29,Karachi,16.5,50.0,0.0,17.3
2024-12-21,Lahore,23.7,39.7,0.0,9.3
2024-04-13,Islamabad,30.1,73.0,0.0,13.0
13/12/2024,Peshawar,17.2,37.2,0.0,12.1
10/03/2024,Karachi,35.1,71.8,0.0,14.8
13/08/2024,Islamabad,17.3,,0.0,15.0
2024-11-15,Lahore,16.3,54.9,0.2,6.0
2024-10-01,Lahore,13.4,69.3,0.9,12.7
13/08/2024,Karachi,23.1,63.4,0.0,7.1
2024-03-17,Multan,32.3,71.2,0.0,13.9
05/04/2024,Multan,38.5,54.8,4.6,8.8
2024-03-12,Islamabad,29.4,87.2,0.0,14.2
2024-06-25,Islamabad,26.7,46.3,0.0,2.4
16/03/2024,Lahore,30.5,54.6,0.0,15.9
02/06/2024,Islamabad,30.1,32.9,0.0,16.9
15/07/2024,Peshawar,18.4,14.3,0.0,21.1
2024-05-06,Lahore,37.7,63.1,0.0,8.8
16/10/2024,Islamabad,16.7,61.3,0.0,18.6
2024-01-28,Lahore,32.8,55.7,1.7,7.6
26/11/2024,Multan,20.1,31.9,0.0,3.7
02/08/2024,Islamabad,18.8,59.8,0.0,7.6
2024-12-13,Islamabad,23.8,51.7,1.2,15.0
2024-09-04,Lahore,18.6,55.8,0.0,12.5
24/03/2024,Peshawar,31.4,84.2,0.0,3.7
2024-05-20,Multan,34.8,52.9,0.0,6.1
11/12/2024,Islamabad,20.4,51.2,0.0,9.3
2024-09-18,Multan,18.3,53.8,0.0,9.9
17/06/2024,Lahore,28.3,83.4,0.0,8.1
2024-02-01,Lahore,32.7,42.8,5.0,-14.8
08/01/2024,Peshawar,22.3,44.0,0.0,8.6
2024-07-08,Peshawar,19.9,49.4,0.0,21.4
06/02/2024,Islamabad,29.6,63.8,0.0,9.3
20/10/2024,Islamabad,14.5,75.1,0.0,2.5
28/09/2024,Lahore,12.3,49.4,0.0,5.7
2024-11-17,Islamabad,19.4,59.0,0.0,12.8
2024-11-21,Karachi,22.2,53.4,0.0,9.6
10/03/2024,Peshawar,,31.8,0.0,10.3
2024-11-21,Islamabad,13.7,45.1,0.0,14.1
2024-03-03,Karachi,37.6,57.8,0.0,14.4
30/09/2024,Peshawar,15.7,34.8,0.0,10.8
20/02/2024,Multan,35.8,30.6,0.0,11.8
2024-09-21,Peshawar,12.5,36.1,0.0,14.1
02/03/2024,Multan,36.1,67.6,0.0,8.9
16/08/2024,Peshawar,11.9,88.9,0.0,11.2
2024-01-03,Karachi,31.2,42.1,0.0,3.1
20/11/2024,Peshawar,14.3,41.9,0.0,12.7
11/02/2024,Peshawar,31.4,43.1,0.0,18.0
2024-11-14,Multan,22.5,59.2,0.0,-6.2
2024-03-03,Islamabad,32.2,41.5,0.0,2.4
06/04/2024,Lahore,35.2,48.5,0.7,18.3
06/10/2024,Lahore,16.7,73.4,0.0,15.5
25/05/2024,Peshawar,31.7,62.3,0.0,8.7
15/06/2024,Islamabad,21.9,49.3,0.0,19.4
22/07/2024,Peshawar,20.9,56.8,0.0,13.6
2024-10-30,Karachi,21.1,41.7,0.0,-1.1
2024-04-10,Peshawar,33.9,59.9,0.0,7.1
2024-01-17,Karachi,29.7,52.4,0.0,22.9
16/10/2024,Multan,15.7,41.8,0.0,9.0
2024-06-15,Karachi,32.5,39.0,0.0,-7.8
30/12/2024,Islamabad,22.1,65.5,0.1,8.2
16/09/2024,Islamabad,11.1,38.6,0.3,10.5
2024-12-05,Peshawar,16.8,29.9,0.0,15.1
2024-04-08,Islamabad,31.3,30.2,0.0,3.7
07/09/2024,Islamabad,12.8,77.7,0.0,8.6
25/04/2024,Islamabad,31.0,66.7,0.0,8.0
21/11/2024,Multan,21.2,53.3,0.0,7.4
02/02/2024,Karachi,,,0.0,10.2
10/02/2024,Peshawar,31.1,26.3,0.0,16.0
20/05/2024,Islamabad,27.7,69.3,0.0,8.2
17/01/2024,Multan,25.1,46.9,0.0,17.6
2024-01-13,Islamabad,25.2,52.2,0.0,13.4
2024-02-03,Lahore,31.3,45.0,0.0,13.9
30/04/2024,Peshawar,30.5,50.4,0.0,4.5
22/12/2024,Peshawar,22.6,45.8,0.0,15.3
2024-06-11,Multan,30.4,53.3,0.0,3.5
2024-10-09,Multan,16.9,55.1,1.3,9.9
06/09/2024,Peshawar,14.3,83.6,0.0,9.9
2024-06-01,Lahore,33.6,63.1,0.0,17.3
14/08/2024,Peshawar,14.4,41.6,0.0,7.9
2024-09-02,Peshawar,12.0,58.6,0.0,11.8
2024-05-17,Lahore,31.0,52.3,0.0,12.3
27/10/2024,Islamabad,12.8,35.6,0.0,13.7
30/07/2024,Islamabad,,65.2,0.0,0.4
05/04/2024,Karachi,37.1,47.5,0.0,6.5
11/07/2024,Peshawar,21.0,65.5,0.0,13.0
10/10/2024,Multan,18.4,25.2,0.0,12.4
2024-01-01,Karachi,28.3,54.3,0.0,9.5
16/04/2024,Karachi,35.7,55.1,0.0,18.6
2024-03-22,Islamabad,36.2,62.2,0.0,29.6
22/06/2024,Karachi,32.5,68.6,0.0,15.1
2024-11-15,Karachi,21.1,54.1,0.0,-1.2
12/02/2024,Lahore,31.1,61.0,0.0,14.4
10/06/2024,Islamabad,27.2,,0.0,20.0
16/05/2024,Lahore,32.5,50.7,0.0,6.8
2024-06-30,Multan,25.8,50.3,0.0,4.1
2024-07-23,Multan,20.5,54.8,0.0,15.1
2024-10-30,Peshawar,13.2,30.8,0.0,18.7
2024-01-14,Karachi,31.4,59.2,1.6,18.6
2024-11-27,Lahore,17.8,84.3,0.0,-8.7
07/12/2024,Peshawar,19.8,10.0,0.0,8.7
2024-02-13,Lahore,31.1,60.7,0.0,10.0
17/02/2024,Multan,34.0,60.2,0.0,12.8
13/11/2024,Multan,18.5,52.2,0.0,13.4
22/04/2024,Peshawar,34.0,43.1,0.0,12.6
2024-12-17,Peshawar,20.5,80.3,0.0,6.5
2024-07-02,Islamabad,24.1,49.6,0.0,12.1
01/08/2024,Karachi,24.0,52.9,0.0,6.5
21/03/2024,Islamabad,33.9,51.0,0.0,11.3
2024-10-07,Karachi,17.1,69.4,0.0,12.5
20/09/2024,Multan,17.8,42.7,0.0,1.9
2024-02-04,Multan,37.2,72.0,0.0,8.9
2024-02-17,Peshawar,31.8,59.3,0.0,4.3
2024-01-25,Karachi,32.2,73.1,0.0,13.3
2024-12-12,Lahore,22.6,50.4,0.0,13.8
2024-11-22,Islamabad,15.1,63.1,0.0,16.0
2024-05-09,Lahore,34.6,62.5,2.0,24.0
21/07/2024,Islamabad,16.0,54.0,0.0,16.6
01/03/2024,Peshawar,33.1,59.4,0.0,14.9
2024-04-17,Karachi,34.4,42.1,0.0,6.8
29/12/2024,Lahore,26.2,41.2,2.1,8.6
2024-09-26,Lahore,12.2,35.5,0.0,15.6
2024-12-06,Karachi,27.5,58.1,0.4,3.1
22/03/2024,Lahore,35.2,39.5,0.0,16.3
2024-11-08,Multan,18.6,69.3,2.9,8.3
2024-05-17,Islamabad,25.3,79.4,5.9,8.6
2024-03-15,Peshawar,,53.8,0.0,17.1
2024-04-14,Karachi,35.6,45.5,0.0,5.6
22/10/2024,Lahore,17.2,52.8,0.0,4.1
2024-06-01,Karachi,32.5,60.9,2.2,4.6
10/07/2024,Karachi,26.1,74.0,0.0,6.2
2024-02-19,Lahore,34.5,85.5,0.0,8.1
2024-06-07,Islamabad,22.9,37.5,0.0,12.7
19/11/2024,Karachi,21.1,20.0,0.0,18.8
2024-10-11,Islamabad,14.1,63.4,0.0,5.3
2024-03-23,Karachi,36.1,46.2,0.0,5.0
2024-10-05,Peshawar,14.6,67.6,1.6,8.6
2024-04-28,Islamabad,30.6,70.7,0.0,9.5
14/06/2024,Peshawar,26.7,35.4,5.7,28.2
02/09/2024,Lahore,18.0,45.7,0.0,14.8
2024-06-12,Multan,32.1,83.2,0.0,14.9
24/10/2024,Peshawar,10.7,73.8,0.0,13.1
01/08/2024,Islamabad,19.4,91.7,1.5,6.4
07/01/2024,Karachi,29.1,48.0,0.0,14.5
2024-08-21,Lahore,13.4,39.1,0.0,5.2
22/11/2024,Karachi,18.0,74.8,0.0,13.3
01/07/2024,Peshawar,19.6,52.7,0.0,15.8
22/04/2024,Lahore,34.1,49.8,0.0,6.3
2024-08-12,Peshawar,17.9,39.6,0.0,18.8
05/07/2024,Lahore,23.5,49.5,0.0,11.9
05/05/2024,Karachi,31.8,39.6,0.0,10.0
2024-06-24,Lahore,25.5,53.4,0.6,13.4
02/09/2024,Islamabad,14.6,34.4,0.0,11.8
2024-09-24,Multan,17.6,46.6,0.0,12.6
2024-08-22,Peshawar,18.0,55.0,0.0,15.7
24/12/2024,Multan,21.0,40.4,0.0,12.9
11/04/2024,Lahore,36.9,57.0,0.0,9.3
02/03/2024,Lahore,35.1,53.5,0.0,23.1
2024-09-26,Islamabad,5.2,42.4,0.0,15.7
2024-02-04,Peshawar,30.9,47.5,0.0,12.9
30/07/2024,Karachi,30.8,66.3,1.9,16.4
14/01/2024,Peshawar,23.5,66.0,0.0,15.1
2024-08-28,Karachi,21.9,31.6,0.0,12.1
2024-07-16,Karachi,25.2,,0.0,9.9
14/03/2024,Lahore,34.5,64.7,0.0,17.8
2024-07-26,Islamabad,,34.4,0.0,20.2
06/07/2024,Islamabad,22.7,58.0,0.0,8.2
2024-10-10,Peshawar,9.6,55.3,0.0,11.5
2024-06-30,Islamabad,23.8,77.2,0.0,11.0
2024-08-17,Karachi,23.6,37.3,0.0,14.8
27/09/2024,Multan,17.3,41.2,0.0,14.8
05/05/2024,Peshawar,31.2,,0.0,6.9
29/10/2024,Multan,20.7,68.9,0.0,13.6
2024-06-07,Peshawar,29.5,52.4,0.0,3.9
2024-03-25,Islamabad,32.5,37.7,0.0,13.2
30/11/2024,Peshawar,15.4,48.8,0.0,3.5
11/06/2024,Islamabad,26.1,41.5,0.0,12.5
28/03/2024,Islamabad,30.9,45.2,0.0,15.0
2024-06-06,Islamabad,27.8,49.0,0.0,5.2
20/04/2024,Peshawar,30.2,,0.0,0.3
2024-01-06,Multan,30.8,89.2,0.0,10.4
2024-06-24,Karachi,25.8,60.2,0.0,23.8
09/10/2024,Lahore,14.4,27.6,2.0,-16.9
09/05/2024,Islamabad,29.0,37.9,0.6,10.4
2024-06-18,Lahore,23.8,85.2,1.0,5.7
17/11/2024,Multan,19.1,67.6,0.0,22.7
2024-12-12,Peshawar,20.5,54.2,0.0,21.6
2024-05-24,Multan,33.9,,0.0,5.3
23/04/2024,Karachi,35.4,68.1,0.0,14.3
2024-09-23,Peshawar,13.0,57.7,0.0,18.4
14/03/2024,Peshawar,35.6,56.5,0.0,13.6
25/09/2024,Lahore,13.1,68.1,0.0,10.8
26/09/2024,Karachi,21.3,58.6,0.0,13.6
28/10/2024,Karachi,14.8,24.5,0.0,18.0
2024-12-28,Lahore,27.0,48.3,0.0,10.3
2024-08-30,Karachi,17.8,50.5,0.0,11.6
21/04/2024,Multan,36.1,38.0,1.1,9.6
27/01/2024,Karachi,33.5,55.1,0.0,8.6
13/12/2024,Multan,24.7,52.5,0.0,16.5
2024-12-26,Islamabad,18.8,52.6,0.0,6.8
2024-12-14,Karachi,23.1,62.6,0.0,14.2
2024-05-17,Karachi,33.8,27.5,0.0,16.9
2024-02-05,Multan,33.5,46.4,0.0,13.6
17/09/2024,Karachi,20.6,54.1,0.0,7.1
19/06/2024,Lahore,31.0,33.0,0.0,12.7
08/04/2024,Peshawar,30.8,100.0,0.9,8.8
17/07/2024,Karachi,26.4,52.3,0.0,15.5
21/09/2024,Multan,17.4,41.3,0.0,21.2
2024-10-19,Islamabad,10.1,43.9,0.0,19.8
26/01/2024,Karachi,36.2,68.3,0.0,15.8
22/01/2024,Peshawar,24.9,45.3,0.0,17.7
2024-03-07,Karachi,38.4,54.9,0.0,12.7
2024-05-08,Lahore,33.8,43.9,0.0,10.2
29/10/2024,Peshawar,16.9,59.7,0.0,8.6
2024-05-06,Karachi,34.1,73.5,0.0,8.8
14/09/2024,Karachi,16.9,44.5,0.0,7.9
2024-01-18,Lahore,28.8,41.3,0.0,13.6
2024-05-11,Karachi,34.6,74.0,0.0,5.9
01/11/2024,Islamabad,13.9,42.8,0.0,13.6
26/04/2024,Karachi,38.1,58.7,0.0,15.1
2024-07-28,Peshawar,21.2,56.6,0.0,13.0
25/09/2024,Peshawar,12.4,52.5,0.0,
13/08/2024,Peshawar,14.7,58.6,0.0,17.7
2024-08-27,Karachi,19.3,90.5,0.0,13.6
09/07/2024,Karachi,29.8,30.6,0.0,21.0
2024-03-16,Multan,40.9,30.0,0.0,7.4
2024-11-08,Islamabad,18.0,42.1,0.0,17.8
31/08/2024,Multan,20.6,26.1,0.0,11.6
03/12/2024,Karachi,23.5,47.8,0.0,16.0
2024-02-14,Islamabad,33.5,42.0,0.0,11.6
2024-05-05,Islamabad,33.3,40.5,0.0,8.3
29/05/2024,Multan,31.1,78.3,0.0,6.5
02/04/2024,Peshawar,36.3,62.4,0.0,
28/12/2024,Karachi,26.9,58.6,0.0,15.3
2024-01-02,Karachi,29.5,42.7,0.0,17.9
2024-08-24,Peshawar,11.9,53.6,0.0,9.9
2024-12-14,Lahore,22.0,61.1,0.0,14.2
08/06/2024,Multan,28.8,29.1,0.0,12.3
2024-11-10,Multan,17.7,36.1,0.0,22.1
2024-07-21,Multan,26.1,39.0,0.1,4.9
08/08/2024,Lahore,14.8,30.0,0.0,15.1
2024-09-01,Multan,18.3,90.8,0.0,10.5
2024-07-05,Peshawar,21.6,59.9,0.0,1.2
2024-04-24,Lahore,30.3,68.4,0.0,11.7
25/10/2024,Islamabad,11.8,67.5,0.0,11.7
2024-12-16,Lahore,22.1,49.1,0.0,14.9
29/09/2024,Lahore,12.3,75.8,0.0,10.4
2024-02-04,Islamabad,25.3,75.0,2.5,14.9
02/12/2024,Lahore,20.9,30.8,0.0,4.1
01/01/2024,Islamabad,22.4,49.5,0.0,15.4
2024-08-20,Karachi,22.3,48.1,0.0,17.1
2024-04-01,Peshawar,30.7,46.8,0.0,12.9
2024-03-07,Multan,33.1,57.1,0.5,8.2
2024-11-18,Peshawar,17.5,56.8,0.0,11.1
2024-10-28,Multan,18.1,54.0,0.0,9.6
2024-12-15,Multan,24.3,83.1,0.0,15.2
18/08/2024,Islamabad,16.5,72.0,0.0,13.4
2024-10-17,Peshawar,12.8,59.7,0.0,14.8
2024-04-26,Multan,33.1,48.7,0.0,2.9
2024-05-27,Peshawar,27.9,62.1,0.0,10.6
12/10/2024,Multan,18.9,51.9,0.0,23.7
06/09/2024,Islamabad,11.6,48.0,0.0,18.1
29/09/2024,Islamabad,11.6,74.0,0.0,16.2
2024-06-25,Karachi,25.9,56.4,4.2,18.2
2024-03-15,Karachi,33.4,47.8,0.0,10.5
03/09/2024,Multan,20.6,,0.0,16.3
26/08/2024,Karachi,19.3,68.3,0.0,12.9
2024-01-03,Peshawar,24.0,57.5,0.0,10.9
2024-06-10,Peshawar,27.3,70.7,0.0,
28/02/2024,Peshawar,30.6,51.5,0.0,14.2
21/01/2024,Peshawar,25.7,36.7,0.0,
08/04/2024,Karachi,37.3,52.8,0.0,6.8
2024-01-24,Islamabad,24.3,31.5,0.0,8.2
26/12/2024,Peshawar,24.4,58.7,0.0,20.7
17/04/2024,Lahore,37.9,35.9,0.0,8.7
23/04/2024,Multan,37.7,27.2,0.0,0.7
2024-10-23,Peshawar,14.1,57.1,0.0,3.9
2024-11-10,Peshawar,18.6,61.7,0.0,7.2
2024-02-10,Karachi,34.2,51.5,0.0,5.6
2024-08-02,Peshawar,13.9,44.2,0.0,15.3
16/01/2024,Karachi,31.8,57.7,0.0,15.7
2024-03-09,Multan,40.1,36.6,0.0,9.9
2024-05-23,Karachi,34.6,64.9,0.0,4.5
2024-11-01,Lahore,16.7,51.9,0.0,11.5
03/06/2024,Karachi,33.3,59.0,0.0,
2024-04-23,Lahore,35.6,66.3,0.0,12.1
2024-10-03,Karachi,14.5,40.8,0.0,7.7
14/06/2024,Islamabad,23.5,79.2,0.0,14.5
2024-12-04,Peshawar,17.3,51.1,0.0,11.9
24/07/2024,Multan,,45.6,0.0,10.6
2024-06-16,Karachi,30.1,68.2,7.0,8.0
2024-07-08,Karachi,26.4,56.9,0.0,9.8
19/01/2024,Peshawar,26.6,74.4,0.0,5.0
2024-10-08,Karachi,18.1,,0.0,3.1
21/01/2024,Multan,29.5,56.9,0.0,23.1
08/08/2024,Karachi,22.0,43.7,0.9,12.5
2024-05-29,Karachi,33.8,50.5,0.0,13.3
18/09/2024,Karachi,17.9,79.9,0.0,6.2
09/06/2024,Peshawar,29.7,33.7,0.0,18.1
2024-06-22,Lahore,26.5,40.9,0.0,10.7
19/08/2024,Multan,19.1,50.6,0.0,3.4
2024-10-17,Karachi,14.8,43.5,0.0,9.0
2024-11-01,Multan,,57.5,0.0,16.9
20/10/2024,Multan,18.6,74.4,0.0,17.2
03/07/2024,Peshawar,22.6,29.8,0.0,7.7
15/06/2024,Peshawar,25.4,41.3,0.0,8.8
05/12/2024,Lahore,20.8,41.8,0.3,7.3
2024-01-04,Multan,27.8,35.2,0.0,8.4
09/04/2024,Multan,38.0,80.9,0.0,22.3
09/11/2024,Islamabad,15.2,68.7,0.0,15.6
2024-11-29,Lahore,20.5,60.2,0.2,14.8
22/06/2024,Islamabad,22.9,56.2,0.0,6.3
23/09/2024,Multan,16.1,32.2,0.0,7.7
2024-11-26,Peshawar,15.4,65.8,0.0,11.0
2024-06-27,Multan,31.5,72.4,0.0,12.9
2024-12-27,Islamabad,24.5,64.7,3.1,16.2
2024-11-11,Multan,16.3,47.6,0.0,8.5
25/02/2024,Lahore,35.2,54.7,0.0,13.7
2024-09-13,Karachi,22.5,62.5,1.0,11.8
23/08/2024,Islamabad,13.8,63.8,4.8,12.0
2024-01-01,Peshawar,24.0,61.5,0.0,21.1
2024-04-13,Multan,42.4,69.7,0.0,10.8
03/09/2024,Islamabad,11.8,90.5,2.8,7.4
2024-02-11,Lahore,32.1,55.8,0.0,7.5
2024-08-21,Multan,20.6,31.7,0.0,15.7
2024-07-27,Peshawar,18.6,60.7,0.0,10.5
25/02/2024,Multan,33.2,68.3,0.5,13.3
29/07/2024,Islamabad,21.1,46.5,0.1,10.2
2024-12-01,Peshawar,13.5,34.5,0.0,17.5
05/03/2024,Peshawar,30.5,60.8,0.0,9.7
27/06/2024,Peshawar,26.4,81.9,0.0,3.9
2024-10-26,Karachi,17.4,70.1,0.0,18.7
2024-10-24,Islamabad,20.6,32.6,0.0,23.4
02/01/2024,Islamabad,21.9,,0.0,7.1
2024-12-01,Islamabad,17.6,32.3,0.0,9.9
20/04/2024,Multan,37.9,41.1,0.0,9.0
31/10/2024,Multan,15.6,86.3,0.0,7.6
05/06/2024,Multan,31.9,40.2,0.0,17.7
2024-08-06,Karachi,24.7,57.0,0.0,7.8
15/02/2024,Lahore,33.8,46.9,0.0,6.5
2024-05-19,Multan,37.7,40.1,0.0,19.7
02/11/2024,Karachi,19.6,39.9,0.0,12.5
2024-09-24,Islamabad,11.1,61.4,0.0,12.9
2024-01-31,Lahore,29.4,57.6,0.0,-14.9
2024-05-28,Islamabad,26.1,49.3,0.0,14.3
2024-03-24,Lahore,36.1,33.7,0.0,6.7
12/05/2024,Karachi,32.4,81.8,0.0,14.1
16/10/2024,Lahore,16.5,64.2,0.0,17.8
09/07/2024,Islamabad,22.0,52.9,2.3,16.2
2024-01-07,Peshawar,23.8,72.2,0.0,9.7
28/12/2024,Islamabad,22.3,45.8,0.0,14.2
08/09/2024,Islamabad,12.7,36.9,0.0,19.3
01/03/2024,Karachi,41.1,41.5,0.0,10.7
2024-12-25,Multan,27.3,58.1,0.0,9.2
18/03/2024,Lahore,36.4,62.6,0.0,15.9
2024-03-19,Karachi,39.8,45.4,0.0,8.6
2024-06-29,Multan,26.2,58.3,0.0,14.2
2024-07-05,Islamabad,22.7,60.0,0.0,13.6
04/04/2024,Multan,34.1,79.5,0.0,
2024-12-20,Multan,22.8,39.3,0.0,18.9
21/12/2024,Multan,27.6,56.8,0.0,17.2
2024-02-29,Islamabad,31.7,77.5,0.0,12.2
28/03/2024,Lahore,36.2,45.0,0.0,19.2
2024-09-17,Multan,17.7,44.7,0.0,5.8
03/01/2024,Lahore,27.7,74.3,0.0,16.5
10/09/2024,Karachi,15.4,74.3,0.0,7.0
20/02/2024,Islamabad,25.3,55.1,0.0,21.0
2024-10-02,Peshawar,8.3,47.3,0.0,1.1
24/11/2024,Multan,20.2,52.7,0.0,6.8
2024-04-03,Peshawar,34.4,52.3,0.0,11.3
26/08/2024,Multan,16.1,51.7,0.0,15.6
29/03/2024,Multan,38.0,35.0,0.0,8.6
25/08/2024,Peshawar,16.1,70.2,0.0,12.6
2024-08-14,Karachi,21.6,69.7,0.0,7.0
2024-02-07,Lahore,31.3,76.6,0.0,16.3
28/01/2024,Karachi,33.0,30.4,0.0,6.1
13/05/2024,Islamabad,28.3,39.9,0.0,14.2
2024-10-30,Multan,17.2,55.7,0.0,4.5
2024-08-07,Islamabad,15.9,46.6,0.0,12.6
2024-10-07,Islamabad,8.5,53.8,0.0,12.1
26/11/2024,Karachi,23.1,57.6,2.0,3.3
08/10/2024,Lahore,17.3,54.8,0.0,11.2
02/07/2024,Karachi,27.4,51.9,0.0,20.9
27/08/2024,Islamabad,14.4,53.1,0.0,13.4
30/04/2024,Karachi,32.6,54.8,0.0,11.3
2024-03-20,Multan,32.3,32.1,0.1,5.5
2024-09-03,Karachi,16.9,82.1,0.0,8.5
27/04/2024,Lahore,34.1,64.8,0.0,15.1
24/05/2024,Peshawar,31.6,60.6,0.0,4.5
2024-09-01,Islamabad,14.1,49.4,0.0,14.2
2024-09-07,Karachi,19.9,70.3,2.2,12.6
2024-10-09,Karachi,15.8,55.7,0.0,6.7
22/01/2024,Karachi,31.7,71.4,0.0,15.4
18/01/2024,Multan,32.0,45.6,0.4,12.3
20/12/2024,Islamabad,17.0,54.1,0.0,13.2
2024-08-24,Multan,20.8,53.2,0.0,12.7
2024-09-04,Islamabad,11.5,75.7,2.7,15.7
16/09/2024,Peshawar,,45.9,0.0,18.8
06/08/2024,Lahore,19.9,54.6,0.0,12.5
20/03/2024,Lahore,34.8,72.1,0.0,15.6
17/05/2024,Multan,31.3,27.7,0.0,14.9
2024-08-12,Lahore,21.6,49.9,0.0,12.8
2024-03-22,Peshawar,33.7,48.1,0.0,23.7
2024-07-29,Karachi,23.5,42.9,0.0,14.4
2024-02-27,Islamabad,30.4,70.8,0.0,18.0
2024-05-27,Lahore,26.5,39.2,0.0,17.4
2024-10-14,Lahore,14.4,72.4,0.1,2.7
2024-12-21,Islamabad,18.9,49.2,0.0,12.4
25/01/2024,Lahore,34.7,49.5,0.0,16.0
